Game is starting...
Loaded level 1
Updated level with delta: 0.010123889
Updated level with delta: 0.067981213
Updated level with delta: 0.001569739
Updated level with delta: 0.015390282
Updated level with delta: 0.016633683
Updated level with delta: 0.017056851
Updated level with delta: 0.016109097
Updated level with delta: 0.016569864
Updated level with delta: 0.016484814
Updated level with delta: 0.016647213
Updated level with delta: 0.016522685
Updated level with delta: 0.016873031
Updated level with delta: 0.016664613
Updated level with delta: 0.016663534
Updated level with delta: 0.016682233
Updated level with delta: 0.016691993
Updated level with delta: 0.016473414
Updated level with delta: 0.016789603
Updated level with delta: 0.016705843
Updated level with delta: 0.016648233
Updated level with delta: 0.016689373
Updated level with delta: 0.016663653
Updated level with delta: 0.016055038
Updated level with delta: 0.016998921
Updated level with delta: 0.016983021
Updated level with delta: 0.016017017
Updated level with delta: 0.017044921
Updated level with delta: 0.016124977
Updated level with delta: 0.0170628
Updated level with delta: 0.016816823
Updated level with delta: 0.016924591
Updated level with delta: 0.016066767
Updated level with delta: 0.016956761
Updated level with delta: 0.016983321
Updated level with delta: 0.016997641
Updated level with delta: 0.016048538
Updated level with delta: 0.017016261
Updated level with delta: 0.016077297
Updated level with delta: 0.0170272
Updated level with delta: 0.016935342
Updated level with delta: 0.016086057
Updated level with delta: 0.016412995
Updated level with delta: 0.016600774
Updated level with delta: 0.016607283
Updated level with delta: 0.016745033
Updated level with delta: 0.016572324
Updated level with delta: 0.016789643
Updated level with delta: 0.017421498
Updated level with delta: 0.016154386
Updated level with delta: 0.016358725
Updated level with delta: 0.016672153
Updated level with delta: 0.016950582
Updated level with delta: 0.016513664
Updated level with delta: 0.016141717
Updated level with delta: 0.016765562
Updated level with delta: 0.016809242
Updated level with delta: 0.016298976
Updated level with delta: 0.016285356
Updated level with delta: 0.016785912
Updated level with delta: 0.016112227
Updated level with delta: 0.016639014
Updated level with delta: 0.016665614
Updated level with delta: 0.016729774
Updated level with delta: 0.016625764
Updated level with delta: 0.016326956
Updated level with delta: 0.016409036
Updated level with delta: 0.016325915
Updated level with delta: 0.016530225
Updated level with delta: 0.016931222
Updated level with delta: 0.016863392
Updated level with delta: 0.017040742
Updated level with delta: 0.017017491
Updated level with delta: 0.016667874
Updated level with delta: 0.016664544
Updated level with delta: 0.016629964
Updated level with delta: 0.016666453
Updated level with delta: 0.016413876
Updated level with delta: 0.016958272
Updated level with delta: 0.016674974
Updated level with delta: 0.016806962
Updated level with delta: 0.016598375
Updated level with delta: 0.016608044
Updated level with delta: 0.016466015
Updated level with delta: 0.016828743
Updated level with delta: 0.016371606
Updated level with delta: 0.016194867
Updated level with delta: 0.016605364
Updated level with delta: 0.016660764
Updated level with delta: 0.016449205
Updated level with delta: 0.016911142
Updated level with delta: 0.016644334
Updated level with delta: 0.016269157
Updated level with delta: 0.016419065
Updated level with delta: 0.016536075
Updated level with delta: 0.016256967
Updated level with delta: 0.016305306
Updated level with delta: 0.016681664
Updated level with delta: 0.016674574
Updated level with delta: 0.016629714
Updated level with delta: 0.016706163
Updated level with delta: 0.016079868
Updated level with delta: 0.016362626
Updated level with delta: 0.016677904
Updated level with delta: 0.016681933
Updated level with delta: 0.016494255
Updated level with delta: 0.016740783
Updated level with delta: 0.016217607
Updated level with delta: 0.016151097
Updated level with delta: 0.016667854
Updated level with delta: 0.016851673
Updated level with delta: 0.016417875
Updated level with delta: 0.016855123
Updated level with delta: 0.016077928
Updated level with delta: 0.016240806
Updated level with delta: 0.016833143
Updated level with delta: 0.016169958
Updated level with delta: 0.016606074
Updated level with delta: 0.016806833
Updated level with delta: 0.016413325
Updated level with delta: 0.017038211
Updated level with delta: 0.016085379
Updated level with delta: 0.016555255
Updated level with delta: 0.016487265
Updated level with delta: 0.016876343
Updated level with delta: 0.015994889
Updated level with delta: 0.016098889
Updated level with delta: 0.016627544
Updated level with delta: 0.016827193
Updated level with delta: 0.016470956
Updated level with delta: 0.016602305
Updated level with delta: 0.016625715
Updated level with delta: 0.016527755
Updated level with delta: 0.016158278
Updated level with delta: 0.016226438
Updated level with delta: 0.016139857
Updated level with delta: 0.016314307
Updated level with delta: 0.016674935
Updated level with delta: 0.016483475
Updated level with delta: 0.016842063
Updated level with delta: 0.016523386
Updated level with delta: 0.016695034
Updated level with delta: 0.016674964
Updated level with delta: 0.016713484
Updated level with delta: 0.016659275
Updated level with delta: 0.016095508
Updated level with delta: 0.016060349
Updated level with delta: 0.017007092
Updated level with delta: 0.016188868
Updated level with delta: 0.016462966
Updated level with delta: 0.016784603
Updated level with delta: 0.016554926
Updated level with delta: 0.016717644
Updated level with delta: 0.016675695
Updated level with delta: 0.016907261
Updated level with delta: 0.016422866
Updated level with delta: 0.016798963
Updated level with delta: 0.016168199
Updated level with delta: 0.016079558
Updated level with delta: 0.016829793
Updated level with delta: 0.016686405
Updated level with delta: 0.016128918
Updated level with delta: 0.016151218
Updated level with delta: 0.016655054
Updated level with delta: 0.016566745
Updated level with delta: 0.016696334
Updated level with delta: 0.016660405
Updated level with delta: 0.016631805
Updated level with delta: 0.016799663
Updated level with delta: 0.016640625
Updated level with delta: 0.016662964
Updated level with delta: 0.016889483
Updated level with delta: 0.016330437
Updated level with delta: 0.017138471
Updated level with delta: 0.016332616
Updated level with delta: 0.016628155
Updated level with delta: 0.016639794
Updated level with delta: 0.016752964
Updated level with delta: 0.016621565
Updated level with delta: 0.016697384
Updated level with delta: 0.016727004
Updated level with delta: 0.016613385
Updated level with delta: 0.016705704
Updated level with delta: 0.016694295
Updated level with delta: 0.016567216
Updated level with delta: 0.016669325
Updated level with delta: 0.016835264
Updated level with delta: 0.016636095
Updated level with delta: 0.016713094
Updated level with delta: 0.017359231
Updated level with delta: 0.017066862
Updated level with delta: 0.016537276
Updated level with delta: 0.016739664
Updated level with delta: 0.016275078
Updated level with delta: 0.016121068
Updated level with delta: 0.017352241
Updated level with delta: 0.016211768
Updated level with delta: 0.016614155
Updated level with delta: 0.016449477
Updated level with delta: 0.016648065
Updated level with delta: 0.016661465
Updated level with delta: 0.016641325
Updated level with delta: 0.017711088
Updated level with delta: 0.016645206
Updated level with delta: 0.016787104
Updated level with delta: 0.016258387
Updated level with delta: 0.0159781
Updated level with delta: 0.017717519
Updated level with delta: 0.016228367
Updated level with delta: 0.016050949
Updated level with delta: 0.017109252
Updated level with delta: 0.016298768
Updated level with delta: 0.016650265
Updated level with delta: 0.016664585
Updated level with delta: 0.017623498
Updated level with delta: 0.016791875
Updated level with delta: 0.016788154
Updated level with delta: 0.016087969
Updated level with delta: 0.016080759
Updated level with delta: 0.016729345
Updated level with delta: 0.016874383
Updated level with delta: 0.017481619
Updated level with delta: 0.016730195
Updated level with delta: 0.016703995
Updated level with delta: 0.016557005
Updated level with delta: 0.016654056
Updated level with delta: 0.016678564
Updated level with delta: 0.016701835
Updated level with delta: 0.016736844
Updated level with delta: 0.016788025
Updated level with delta: 0.016599205
Updated level with delta: 0.016854404
Updated level with delta: 0.016489656
Updated level with delta: 0.016577946
Updated level with delta: 0.01598546
Updated level with delta: 0.017191501
Updated level with delta: 0.016102499
Updated level with delta: 0.016336207
Updated level with delta: 0.016706195
Updated level with delta: 0.016686754
Updated level with delta: 0.016686635
Updated level with delta: 0.016592075
Updated level with delta: 0.016683726
Updated level with delta: 0.016967604
Updated level with delta: 0.016379667
Updated level with delta: 0.016703235
Updated level with delta: 0.017662369
Updated level with delta: 0.016815035
Updated level with delta: 0.016229018
Updated level with delta: 0.016477697
Updated level with delta: 0.016235898
Updated level with delta: 0.016821765
Updated level with delta: 0.016539777
Updated level with delta: 0.016638975
Updated level with delta: 0.016675136
Updated level with delta: 0.01742648
Updated level with delta: 0.017008293
Updated level with delta: 0.016801315
Updated level with delta: 0.016219278
Updated level with delta: 0.016189429
Updated level with delta: 0.017320552
Updated level with delta: 0.016871184
Updated level with delta: 0.016931324
Updated level with delta: 0.016326547
Updated level with delta: 0.016912914
Updated level with delta: 0.016510257
Updated level with delta: 0.016620856
Updated level with delta: 0.016543906
Updated level with delta: 0.016676325
Updated level with delta: 0.016773615
Updated level with delta: 0.016787975
Updated level with delta: 0.016557356
Updated level with delta: 0.016248669
Updated level with delta: 0.016515856
Updated level with delta: 0.016260879
Updated level with delta: 0.016646776
Updated level with delta: 0.016746124
Updated level with delta: 0.017648949
Updated level with delta: 0.016699526
Updated level with delta: 0.016693865
Updated level with delta: 0.016272338
Updated level with delta: 0.017031443
Updated level with delta: 0.016583666
Updated level with delta: 0.016731545
Updated level with delta: 0.01610845
Updated level with delta: 0.016218939
Updated level with delta: 0.016704855
Updated level with delta: 0.017093812
Updated level with delta: 0.016312289
Updated level with delta: 0.016612035
Updated level with delta: 0.016674516
Updated level with delta: 0.017361011
Updated level with delta: 0.016778314
Updated level with delta: 0.016928734
Updated level with delta: 0.016278938
Updated level with delta: 0.016578777
Updated level with delta: 0.016379447
Updated level with delta: 0.016978033
Updated level with delta: 0.016214249
Loaded level 1
Updated level with delta: 0.016504297
Updated level with delta: 0.043092285
Updated level with delta: 0.007384529
Updated level with delta: 0.008183374
Updated level with delta: 0.01617063
Updated level with delta: 0.016645896
Updated level with delta: 0.016795176
Updated level with delta: 0.016585306
Updated level with delta: 0.016661716
Updated level with delta: 0.016661007
Updated level with delta: 0.016575186
Updated level with delta: 0.016753736
Updated level with delta: 0.016828955
Updated level with delta: 0.016516557
Updated level with delta: 0.016645967
Updated level with delta: 0.016687765
Updated level with delta: 0.016949465
Updated level with delta: 0.016437168
Updated level with delta: 0.016864614
Updated level with delta: 0.016498448
Updated level with delta: 0.016961714
Updated level with delta: 0.016438837
Updated level with delta: 0.016335918
Updated level with delta: 0.016886745
Updated level with delta: 0.016993094
Updated level with delta: 0.016367699
Updated level with delta: 0.016762165
Updated level with delta: 0.016759436
Updated level with delta: 0.017002664
Updated level with delta: 0.016261769
Updated level with delta: 0.016939063
Updated level with delta: 0.016333459
Updated level with delta: 0.016706486
Updated level with delta: 0.016645246
Updated level with delta: 0.016658177
Updated level with delta: 0.016683346
Updated level with delta: 0.01605639
Updated level with delta: 0.016294409
Updated level with delta: 0.016648406
Updated level with delta: 0.016696656
Updated level with delta: 0.01612804
Updated level with delta: 0.016416047
Updated level with delta: 0.016944825
Updated level with delta: 0.016247769
Updated level with delta: 0.016952345
Updated level with delta: 0.016714074
Updated level with delta: 0.016362799
Updated level with delta: 0.016360868
Updated level with delta: 0.016429708
Updated level with delta: 0.016287409
Updated level with delta: 0.016609567
Updated level with delta: 0.016646206
Updated level with delta: 0.016764166
Updated level with delta: 0.016556806
Updated level with delta: 0.01618348
Updated level with delta: 0.016216379
Updated level with delta: 0.016688866
Updated level with delta: 0.016671186
Updated level with delta: 0.016661706
Updated level with delta: 0.01614006
Updated level with delta: 0.016218609
Updated level with delta: 0.016692187
Updated level with delta: 0.016894385
Updated level with delta: 0.017017004
Updated level with delta: 0.016644437
Updated level with delta: 0.01619687
Updated level with delta: 0.016623667
Updated level with delta: 0.016762986
Updated level with delta: 0.016552777
Updated level with delta: 0.016702997
Updated level with delta: 0.016668806
Updated level with delta: 0.016642287
Updated level with delta: 0.016747117
Updated level with delta: 0.016621707
Updated level with delta: 0.016625917
Updated level with delta: 0.016747546
Updated level with delta: 0.016556517
Updated level with delta: 0.016777296
Updated level with delta: 0.016595967
Updated level with delta: 0.016959205
Updated level with delta: 0.016386219
Updated level with delta: 0.016707206
Updated level with delta: 0.016559688
Updated level with delta: 0.016773366
Updated level with delta: 0.016697256
Updated level with delta: 0.016787956
Updated level with delta: 0.016532028
Updated level with delta: 0.017056034
Updated level with delta: 0.0163381
Updated level with delta: 0.016871065
Updated level with delta: 0.016562017
Updated level with delta: 0.016297019
Updated level with delta: 0.01617134
Updated level with delta: 0.016556598
Updated level with delta: 0.016569047
Updated level with delta: 0.016990394
Updated level with delta: 0.016411469
Updated level with delta: 0.016961635
Updated level with delta: 0.016363288
INFO - Game is starting...
INFO - Loaded level 1
DEBUG - Updated level with delta: 0.013797822
DEBUG - Updated level with delta: 0.036699781
DEBUG - Updated level with delta: 0.015835127
DEBUG - Updated level with delta: 0.016220188
DEBUG - Updated level with delta: 0.016631249
DEBUG - Updated level with delta: 0.017698325
DEBUG - Updated level with delta: 0.016192828
DEBUG - Updated level with delta: 0.015989164
DEBUG - Updated level with delta: 0.016002803
DEBUG - Updated level with delta: 0.016010443
DEBUG - Updated level with delta: 0.016979171
DEBUG - Updated level with delta: 0.016038902
DEBUG - Updated level with delta: 0.016972491
DEBUG - Updated level with delta: 0.01701212
DEBUG - Updated level with delta: 0.016972442
DEBUG - Updated level with delta: 0.016992101
DEBUG - Updated level with delta: 0.016040322
DEBUG - Updated level with delta: 0.016987341
DEBUG - Updated level with delta: 0.016954232
DEBUG - Updated level with delta: 0.016054711
DEBUG - Updated level with delta: 0.017028891
DEBUG - Updated level with delta: 0.016976291
DEBUG - Updated level with delta: 0.016954161
DEBUG - Updated level with delta: 0.015999563
DEBUG - Updated level with delta: 0.016005153
DEBUG - Updated level with delta: 0.016002833
DEBUG - Updated level with delta: 0.016989171
DEBUG - Updated level with delta: 0.016007203
DEBUG - Updated level with delta: 0.016009093
DEBUG - Updated level with delta: 0.016063592
DEBUG - Updated level with delta: 0.016936692
DEBUG - Updated level with delta: 0.016014872
DEBUG - Updated level with delta: 0.016985031
DEBUG - Updated level with delta: 0.017007851
DEBUG - Updated level with delta: 0.015993923
DEBUG - Updated level with delta: 0.016994691
DEBUG - Updated level with delta: 0.01700091
DEBUG - Updated level with delta: 0.016996191
DEBUG - Updated level with delta: 0.016027223
DEBUG - Updated level with delta: 0.016084661
DEBUG - Updated level with delta: 0.016886854
DEBUG - Updated level with delta: 0.016096992
DEBUG - Updated level with delta: 0.016965252
DEBUG - Updated level with delta: 0.01704267
DEBUG - Updated level with delta: 0.016944843
DEBUG - Updated level with delta: 0.016092592
DEBUG - Updated level with delta: 0.016974702
DEBUG - Updated level with delta: 0.01702753
DEBUG - Updated level with delta: 0.016898655
DEBUG - Updated level with delta: 0.017067969
DEBUG - Updated level with delta: 0.016750837
DEBUG - Updated level with delta: 0.016287467
DEBUG - Updated level with delta: 0.016907183
DEBUG - Updated level with delta: 0.017002232
DEBUG - Updated level with delta: 0.017013891
DEBUG - Updated level with delta: 0.01704763
DEBUG - Updated level with delta: 0.016988762
DEBUG - Updated level with delta: 0.01707535
DEBUG - Updated level with delta: 0.016737607
DEBUG - Updated level with delta: 0.016563091
DEBUG - Updated level with delta: 0.016758687
DEBUG - Updated level with delta: 0.016693518
DEBUG - Updated level with delta: 0.016578861
DEBUG - Updated level with delta: 0.016803906
DEBUG - Updated level with delta: 0.016646539
DEBUG - Updated level with delta: 0.016710148
DEBUG - Updated level with delta: 0.016675718
DEBUG - Updated level with delta: 0.016598381
DEBUG - Updated level with delta: 0.016711818
DEBUG - Updated level with delta: 0.016887104
DEBUG - Updated level with delta: 0.01616667
DEBUG - Updated level with delta: 0.016913743
DEBUG - Updated level with delta: 0.016712388
DEBUG - Updated level with delta: 0.01660442
DEBUG - Updated level with delta: 0.016701008
DEBUG - Updated level with delta: 0.016659609
DEBUG - Updated level with delta: 0.016662669
DEBUG - Updated level with delta: 0.016683818
DEBUG - Updated level with delta: 0.016124141
DEBUG - Updated level with delta: 0.016306207
DEBUG - Updated level with delta: 0.016660259
DEBUG - Updated level with delta: 0.01664022
DEBUG - Updated level with delta: 0.016488862
DEBUG - Updated level with delta: 0.016755077
DEBUG - Updated level with delta: 0.016257958
DEBUG - Updated level with delta: 0.01663187
DEBUG - Updated level with delta: 0.016832755
DEBUG - Updated level with delta: 0.016414235
DEBUG - Updated level with delta: 0.016670268
DEBUG - Updated level with delta: 0.016675799
DEBUG - Updated level with delta: 0.016782276
DEBUG - Updated level with delta: 0.016582141
DEBUG - Updated level with delta: 0.016829655
DEBUG - Updated level with delta: 0.016222489
DEBUG - Updated level with delta: 0.016109291
DEBUG - Updated level with delta: 0.016496933
DEBUG - Updated level with delta: 0.016324276
DEBUG - Updated level with delta: 0.016101662
DEBUG - Updated level with delta: 0.016672948
DEBUG - Updated level with delta: 0.016879545
DEBUG - Updated level with delta: 0.016545132
DEBUG - Updated level with delta: 0.016626101
DEBUG - Updated level with delta: 0.016714418
DEBUG - Updated level with delta: 0.016369216
DEBUG - Updated level with delta: 0.01663277
DEBUG - Updated level with delta: 0.016602722
DEBUG - Updated level with delta: 0.016664699
DEBUG - Updated level with delta: 0.016697148
DEBUG - Updated level with delta: 0.016130613
DEBUG - Updated level with delta: 0.016179189
DEBUG - Updated level with delta: 0.016782808
DEBUG - Updated level with delta: 0.016547093
DEBUG - Updated level with delta: 0.017081821
DEBUG - Updated level with delta: 0.016308116
DEBUG - Updated level with delta: 0.01669483
DEBUG - Updated level with delta: 0.016710038
DEBUG - Updated level with delta: 0.016782886
DEBUG - Updated level with delta: 0.016067173
DEBUG - Updated level with delta: 0.016253459
DEBUG - Updated level with delta: 0.016879225
DEBUG - Updated level with delta: 0.016309177
DEBUG - Updated level with delta: 0.016714688
DEBUG - Updated level with delta: 0.016872215
DEBUG - Updated level with delta: 0.016473104
DEBUG - Updated level with delta: 0.016671769
DEBUG - Updated level with delta: 0.01669091
DEBUG - Updated level with delta: 0.016809626
DEBUG - Updated level with delta: 0.016552072
DEBUG - Updated level with delta: 0.016530403
DEBUG - Updated level with delta: 0.01620084
DEBUG - Updated level with delta: 0.017001103
DEBUG - Updated level with delta: 0.016912194
DEBUG - Updated level with delta: 0.01615365
DEBUG - Updated level with delta: 0.016801327
DEBUG - Updated level with delta: 0.016614451
DEBUG - Updated level with delta: 0.016546642
DEBUG - Updated level with delta: 0.01664354
DEBUG - Updated level with delta: 0.016748628
DEBUG - Updated level with delta: 0.016547432
DEBUG - Updated level with delta: 0.016754897
DEBUG - Updated level with delta: 0.01667088
DEBUG - Updated level with delta: 0.016688569
DEBUG - Updated level with delta: 0.0166502
DEBUG - Updated level with delta: 0.016921374
DEBUG - Updated level with delta: 0.016986302
DEBUG - Updated level with delta: 0.017020682
DEBUG - Updated level with delta: 0.016370736
DEBUG - Updated level with delta: 0.016797787
DEBUG - Updated level with delta: 0.016582391
DEBUG - Updated level with delta: 0.016698739
DEBUG - Updated level with delta: 0.016670429
DEBUG - Updated level with delta: 0.016636991
DEBUG - Updated level with delta: 0.016385505
DEBUG - Updated level with delta: 0.015999105
DEBUG - Updated level with delta: 0.016006374
DEBUG - Updated level with delta: 0.016964013
DEBUG - Updated level with delta: 0.016046403
DEBUG - Updated level with delta: 0.016983943
DEBUG - Updated level with delta: 0.016991562
DEBUG - Updated level with delta: 0.015999865
DEBUG - Updated level with delta: 0.016001575
DEBUG - Updated level with delta: 0.016947324
DEBUG - Updated level with delta: 0.016013194
DEBUG - Updated level with delta: 0.015998036
DEBUG - Updated level with delta: 0.016973813
DEBUG - Updated level with delta: 0.016016755
DEBUG - Updated level with delta: 0.016031144
DEBUG - Updated level with delta: 0.016980273
DEBUG - Updated level with delta: 0.016015095
DEBUG - Updated level with delta: 0.017003073
DEBUG - Updated level with delta: 0.016965473
DEBUG - Updated level with delta: 0.016015895
DEBUG - Updated level with delta: 0.016030804
DEBUG - Updated level with delta: 0.017029023
DEBUG - Updated level with delta: 0.016982763
DEBUG - Updated level with delta: 0.016069773
DEBUG - Updated level with delta: 0.016501054
DEBUG - Updated level with delta: 0.016755478
DEBUG - Updated level with delta: 0.016339948
DEBUG - Updated level with delta: 0.016030374
DEBUG - Updated level with delta: 0.016580772
DEBUG - Updated level with delta: 0.0166748
DEBUG - Updated level with delta: 0.016736469
DEBUG - Updated level with delta: 0.01667115
DEBUG - Updated level with delta: 0.016142591
DEBUG - Updated level with delta: 0.016166052
DEBUG - Updated level with delta: 0.016753268
DEBUG - Updated level with delta: 0.016449915
DEBUG - Updated level with delta: 0.016749038
DEBUG - Updated level with delta: 0.016618562
DEBUG - Updated level with delta: 0.01668843
DEBUG - Updated level with delta: 0.016615711
DEBUG - Updated level with delta: 0.01669205
DEBUG - Updated level with delta: 0.016686549
DEBUG - Updated level with delta: 0.017499212
DEBUG - Updated level with delta: 0.016108352
DEBUG - Updated level with delta: 0.016436406
DEBUG - Updated level with delta: 0.01665689
DEBUG - Updated level with delta: 0.016737159
DEBUG - Updated level with delta: 0.016691979
DEBUG - Updated level with delta: 0.01668462
DEBUG - Updated level with delta: 0.017258077
DEBUG - Updated level with delta: 0.016108833
DEBUG - Updated level with delta: 0.016609751
DEBUG - Updated level with delta: 0.01671782
DEBUG - Updated level with delta: 0.016704089
DEBUG - Updated level with delta: 0.016738059
DEBUG - Updated level with delta: 0.016894465
DEBUG - Updated level with delta: 0.016518753
DEBUG - Updated level with delta: 0.016508134
DEBUG - Updated level with delta: 0.016648661
DEBUG - Updated level with delta: 0.016792947
DEBUG - Updated level with delta: 0.016626961
DEBUG - Updated level with delta: 0.016636981
DEBUG - Updated level with delta: 0.016763898
DEBUG - Updated level with delta: 0.016599302
DEBUG - Updated level with delta: 0.016611531
DEBUG - Updated level with delta: 0.016624121
DEBUG - Updated level with delta: 0.016732649
DEBUG - Updated level with delta: 0.016622271
DEBUG - Updated level with delta: 0.016893676
DEBUG - Updated level with delta: 0.016536244
DEBUG - Updated level with delta: 0.016648471
DEBUG - Updated level with delta: 0.01667974
DEBUG - Updated level with delta: 0.01672197
DEBUG - Updated level with delta: 0.01716766
DEBUG - Updated level with delta: 0.016141262
DEBUG - Updated level with delta: 0.016648632
DEBUG - Updated level with delta: 0.017357085
DEBUG - Updated level with delta: 0.017019624
DEBUG - Updated level with delta: 0.016886816
DEBUG - Updated level with delta: 0.016463845
DEBUG - Updated level with delta: 0.01673825
DEBUG - Updated level with delta: 0.017009553
DEBUG - Updated level with delta: 0.016463605
DEBUG - Updated level with delta: 0.016553024
DEBUG - Updated level with delta: 0.01665092
DEBUG - Updated level with delta: 0.016822418
DEBUG - Updated level with delta: 0.016086724
DEBUG - Updated level with delta: 0.016028115
DEBUG - Updated level with delta: 0.01668805
DEBUG - Updated level with delta: 0.017798986
DEBUG - Updated level with delta: 0.015943026
DEBUG - Updated level with delta: 0.016236731
DEBUG - Updated level with delta: 0.016685381
DEBUG - Updated level with delta: 0.016657701
DEBUG - Updated level with delta: 0.016658812
DEBUG - Updated level with delta: 0.017243988
DEBUG - Updated level with delta: 0.016154172
DEBUG - Updated level with delta: 0.016604382
DEBUG - Updated level with delta: 0.016760219
DEBUG - Updated level with delta: 0.016676431
DEBUG - Updated level with delta: 0.016613362
DEBUG - Updated level with delta: 0.016735059
DEBUG - Updated level with delta: 0.016681031
DEBUG - Updated level with delta: 0.016611792
DEBUG - Updated level with delta: 0.016762769
DEBUG - Updated level with delta: 0.017204029
DEBUG - Updated level with delta: 0.016302309
DEBUG - Updated level with delta: 0.016490564
DEBUG - Updated level with delta: 0.016627262
DEBUG - Updated level with delta: 0.016661781
DEBUG - Updated level with delta: 0.01761937
DEBUG - Updated level with delta: 0.01625426
DEBUG - Updated level with delta: 0.016171752
DEBUG - Updated level with delta: 0.016812838
DEBUG - Updated level with delta: 0.016574953
DEBUG - Updated level with delta: 0.016601083
DEBUG - Updated level with delta: 0.017411722
DEBUG - Updated level with delta: 0.016451527
DEBUG - Updated level with delta: 0.016325069
DEBUG - Updated level with delta: 0.016684291
DEBUG - Updated level with delta: 0.016568533
DEBUG - Updated level with delta: 0.016573523
DEBUG - Updated level with delta: 0.016726849
DEBUG - Updated level with delta: 0.017544962
DEBUG - Updated level with delta: 0.016901315
DEBUG - Updated level with delta: 0.016991844
DEBUG - Updated level with delta: 0.016678491
DEBUG - Updated level with delta: 0.016338768
DEBUG - Updated level with delta: 0.01674526
DEBUG - Updated level with delta: 0.016578304
DEBUG - Updated level with delta: 0.016760179
DEBUG - Updated level with delta: 0.01676294
DEBUG - Updated level with delta: 0.016669311
DEBUG - Updated level with delta: 0.016491676
DEBUG - Updated level with delta: 0.01672545
DEBUG - Updated level with delta: 0.016552784
DEBUG - Updated level with delta: 0.016328969
DEBUG - Updated level with delta: 0.016034596
DEBUG - Updated level with delta: 0.01667173
DEBUG - Updated level with delta: 0.016680351
DEBUG - Updated level with delta: 0.017010555
DEBUG - Updated level with delta: 0.017122091
DEBUG - Updated level with delta: 0.016230602
DEBUG - Updated level with delta: 0.016490746
DEBUG - Updated level with delta: 0.017216259
DEBUG - Updated level with delta: 0.016154063
DEBUG - Updated level with delta: 0.016520704
DEBUG - Updated level with delta: 0.016720471
DEBUG - Updated level with delta: 0.017107432
DEBUG - Updated level with delta: 0.01675593
DEBUG - Updated level with delta: 0.016148893
DEBUG - Updated level with delta: 0.016646172
DEBUG - Updated level with delta: 0.016861147
DEBUG - Updated level with delta: 0.016568823
DEBUG - Updated level with delta: 0.017181561
DEBUG - Updated level with delta: 0.016135663
DEBUG - Updated level with delta: 0.017009894
DEBUG - Updated level with delta: 0.016399508
DEBUG - Updated level with delta: 0.016679822
DEBUG - Updated level with delta: 0.016579063
DEBUG - Updated level with delta: 0.017768117
DEBUG - Updated level with delta: 0.016099535
DEBUG - Updated level with delta: 0.016177282
DEBUG - Updated level with delta: 0.016583553
DEBUG - Updated level with delta: 0.016702011
DEBUG - Updated level with delta: 0.016661612
DEBUG - Updated level with delta: 0.017552482
DEBUG - Updated level with delta: 0.016415057
DEBUG - Updated level with delta: 0.016673952
DEBUG - Updated level with delta: 0.016547784
DEBUG - Updated level with delta: 0.016182662
DEBUG - Updated level with delta: 0.016650382
DEBUG - Updated level with delta: 0.016676302
DEBUG - Updated level with delta: 0.016670681
DEBUG - Updated level with delta: 0.017517993
DEBUG - Updated level with delta: 0.015941207
DEBUG - Updated level with delta: 0.016599984
DEBUG - Updated level with delta: 0.01762986
DEBUG - Updated level with delta: 0.016827278
DEBUG - Updated level with delta: 0.016617922
DEBUG - Updated level with delta: 0.01675784
DEBUG - Updated level with delta: 0.016607643
DEBUG - Updated level with delta: 0.016017896
DEBUG - Updated level with delta: 0.016227631
DEBUG - Updated level with delta: 0.016695701
DEBUG - Updated level with delta: 0.016609353
DEBUG - Updated level with delta: 0.01676378
DEBUG - Updated level with delta: 0.017568952
DEBUG - Updated level with delta: 0.016831029
DEBUG - Updated level with delta: 0.016663142
DEBUG - Updated level with delta: 0.016705411
DEBUG - Updated level with delta: 0.016698032
DEBUG - Updated level with delta: 0.016700501
DEBUG - Updated level with delta: 0.016551335
DEBUG - Updated level with delta: 0.016539125
DEBUG - Updated level with delta: 0.015981378
DEBUG - Updated level with delta: 0.016478846
DEBUG - Updated level with delta: 0.016657223
DEBUG - Updated level with delta: 0.016789579
DEBUG - Updated level with delta: 0.016591734
DEBUG - Updated level with delta: 0.016704252
DEBUG - Updated level with delta: 0.017757708
DEBUG - Updated level with delta: 0.016682032
DEBUG - Updated level with delta: 0.016703691
DEBUG - Updated level with delta: 0.016630315
DEBUG - Updated level with delta: 0.01674176
DEBUG - Updated level with delta: 0.016234031
DEBUG - Updated level with delta: 0.017001815
DEBUG - Updated level with delta: 0.016234882
DEBUG - Updated level with delta: 0.016078755
DEBUG - Updated level with delta: 0.016725281
DEBUG - Updated level with delta: 0.016581375
DEBUG - Updated level with delta: 0.016903876
DEBUG - Updated level with delta: 0.016430668
DEBUG - Updated level with delta: 0.016695332
DEBUG - Updated level with delta: 0.016726241
DEBUG - Updated level with delta: 0.016616003
DEBUG - Updated level with delta: 0.017642762
DEBUG - Updated level with delta: 0.016674812
DEBUG - Updated level with delta: 0.016014186
DEBUG - Updated level with delta: 0.016796379
DEBUG - Updated level with delta: 0.017034575
DEBUG - Updated level with delta: 0.016347569
DEBUG - Updated level with delta: 0.016188033
DEBUG - Updated level with delta: 0.016987075
DEBUG - Updated level with delta: 0.016360899
DEBUG - Updated level with delta: 0.016668552
DEBUG - Updated level with delta: 0.016696073
DEBUG - Updated level with delta: 0.016709741
DEBUG - Updated level with delta: 0.016646863
DEBUG - Updated level with delta: 0.016650552
DEBUG - Updated level with delta: 0.017817477
DEBUG - Updated level with delta: 0.016611164
DEBUG - Updated level with delta: 0.016130454
DEBUG - Updated level with delta: 0.016183743
DEBUG - Updated level with delta: 0.016609064
DEBUG - Updated level with delta: 0.016696762
DEBUG - Updated level with delta: 0.016864147
DEBUG - Updated level with delta: 0.017119332
DEBUG - Updated level with delta: 0.016043187
DEBUG - Updated level with delta: 0.016736181
DEBUG - Updated level with delta: 0.017549442
DEBUG - Updated level with delta: 0.016905139
DEBUG - Updated level with delta: 0.016622702
DEBUG - Updated level with delta: 0.016457647
DEBUG - Updated level with delta: 0.015980327
DEBUG - Updated level with delta: 0.016950236
DEBUG - Updated level with delta: 0.016254591
DEBUG - Updated level with delta: 0.016684953
DEBUG - Updated level with delta: 0.016699352
DEBUG - Updated level with delta: 0.016675952
DEBUG - Updated level with delta: 0.016969967
DEBUG - Updated level with delta: 0.016716972
DEBUG - Updated level with delta: 0.016280691
DEBUG - Updated level with delta: 0.016658203
DEBUG - Updated level with delta: 0.017796911
DEBUG - Updated level with delta: 0.016488525
DEBUG - Updated level with delta: 0.016809799
DEBUG - Updated level with delta: 0.016709453
DEBUG - Updated level with delta: 0.016606594
DEBUG - Updated level with delta: 0.016645623
DEBUG - Updated level with delta: 0.016692223
DEBUG - Updated level with delta: 0.016591454
DEBUG - Updated level with delta: 0.016405339
DEBUG - Updated level with delta: 0.016057957
DEBUG - Updated level with delta: 0.016693523
DEBUG - Updated level with delta: 0.016593964
DEBUG - Updated level with delta: 0.017544075
DEBUG - Updated level with delta: 0.016439377
DEBUG - Updated level with delta: 0.016990105
DEBUG - Updated level with delta: 0.015939949
DEBUG - Updated level with delta: 0.016994726
DEBUG - Updated level with delta: 0.016236742
DEBUG - Updated level with delta: 0.016660753
DEBUG - Updated level with delta: 0.016536966
DEBUG - Updated level with delta: 0.016662664
DEBUG - Updated level with delta: 0.01678767
DEBUG - Updated level with delta: 0.016582635
DEBUG - Updated level with delta: 0.016734121
DEBUG - Updated level with delta: 0.016654224
DEBUG - Updated level with delta: 0.016635553
DEBUG - Updated level with delta: 0.016704842
DEBUG - Updated level with delta: 0.016693013
DEBUG - Updated level with delta: 0.017060054
DEBUG - Updated level with delta: 0.016179104
DEBUG - Updated level with delta: 0.016743171
DEBUG - Updated level with delta: 0.016771731
DEBUG - Updated level with delta: 0.016563545
DEBUG - Updated level with delta: 0.016929687
DEBUG - Updated level with delta: 0.016439278
DEBUG - Updated level with delta: 0.016679963
DEBUG - Updated level with delta: 0.017694513
DEBUG - Updated level with delta: 0.016802799
DEBUG - Updated level with delta: 0.016489265
DEBUG - Updated level with delta: 0.01683444
DEBUG - Updated level with delta: 0.016557355
DEBUG - Updated level with delta: 0.016160074
DEBUG - Updated level with delta: 0.016687243
DEBUG - Updated level with delta: 0.016222103
DEBUG - Updated level with delta: 0.016832279
DEBUG - Updated level with delta: 0.017572643
DEBUG - Updated level with delta: 0.016026687
DEBUG - Updated level with delta: 0.016291112
DEBUG - Updated level with delta: 0.016961446
DEBUG - Updated level with delta: 0.01635745
DEBUG - Updated level with delta: 0.017007265
DEBUG - Updated level with delta: 0.016495287
DEBUG - Updated level with delta: 0.016720302
DEBUG - Updated level with delta: 0.017481766
DEBUG - Updated level with delta: 0.016421489
DEBUG - Updated level with delta: 0.016274473
DEBUG - Updated level with delta: 0.01680779
DEBUG - Updated level with delta: 0.016150645
DEBUG - Updated level with delta: 0.016620715
DEBUG - Updated level with delta: 0.016705023
DEBUG - Updated level with delta: 0.017712989
DEBUG - Updated level with delta: 0.016760602
DEBUG - Updated level with delta: 0.016661074
DEBUG - Updated level with delta: 0.016723193
DEBUG - Updated level with delta: 0.016645904
DEBUG - Updated level with delta: 0.016624134
DEBUG - Updated level with delta: 0.016556616
DEBUG - Updated level with delta: 0.016093427
DEBUG - Updated level with delta: 0.01636197
DEBUG - Updated level with delta: 0.016706143
DEBUG - Updated level with delta: 0.016666333
DEBUG - Updated level with delta: 0.016582606
DEBUG - Updated level with delta: 0.016661764
DEBUG - Updated level with delta: 0.016691703
DEBUG - Updated level with delta: 0.01775315
DEBUG - Updated level with delta: 0.016757911
DEBUG - Updated level with delta: 0.016517267
DEBUG - Updated level with delta: 0.016749293
DEBUG - Updated level with delta: 0.016205933
DEBUG - Updated level with delta: 0.017077455
DEBUG - Updated level with delta: 0.016067427
DEBUG - Updated level with delta: 0.016440178
DEBUG - Updated level with delta: 0.016580605
DEBUG - Updated level with delta: 0.016608486
DEBUG - Updated level with delta: 0.016645914
DEBUG - Updated level with delta: 0.016680274
DEBUG - Updated level with delta: 0.017348288
DEBUG - Updated level with delta: 0.016085156
DEBUG - Updated level with delta: 0.016576846
DEBUG - Updated level with delta: 0.016687852
DEBUG - Updated level with delta: 0.017374179
DEBUG - Updated level with delta: 0.016040878
DEBUG - Updated level with delta: 0.016619564
DEBUG - Updated level with delta: 0.017344268
DEBUG - Updated level with delta: 0.016173345
DEBUG - Updated level with delta: 0.016498397
DEBUG - Updated level with delta: 0.016681013
DEBUG - Updated level with delta: 0.016657734
DEBUG - Updated level with delta: 0.016766731
DEBUG - Updated level with delta: 0.016622915
DEBUG - Updated level with delta: 0.017795048
DEBUG - Updated level with delta: 0.016785681
DEBUG - Updated level with delta: 0.016696524
DEBUG - Updated level with delta: 0.016532807
DEBUG - Updated level with delta: 0.016514647
DEBUG - Updated level with delta: 0.016332731
DEBUG - Updated level with delta: 0.01637146
DEBUG - Updated level with delta: 0.016363661
DEBUG - Updated level with delta: 0.016601445
DEBUG - Updated level with delta: 0.017064155
DEBUG - Updated level with delta: 0.01632356
DEBUG - Updated level with delta: 0.016692973
DEBUG - Updated level with delta: 0.016690554
DEBUG - Updated level with delta: 0.016665975
DEBUG - Updated level with delta: 0.016630705
DEBUG - Updated level with delta: 0.016745112
DEBUG - Updated level with delta: 0.016613736
DEBUG - Updated level with delta: 0.01682715
DEBUG - Updated level with delta: 0.017023627
DEBUG - Updated level with delta: 0.016619265
DEBUG - Updated level with delta: 0.016287643
DEBUG - Updated level with delta: 0.016630946
DEBUG - Updated level with delta: 0.016892699
DEBUG - Updated level with delta: 0.016485769
DEBUG - Updated level with delta: 0.017578144
DEBUG - Updated level with delta: 0.01684242
DEBUG - Updated level with delta: 0.016998506
DEBUG - Updated level with delta: 0.016581198
DEBUG - Updated level with delta: 0.016265031
DEBUG - Updated level with delta: 0.016910531
DEBUG - Updated level with delta: 0.016707283
DEBUG - Updated level with delta: 0.016118047
DEBUG - Updated level with delta: 0.016064457
DEBUG - Updated level with delta: 0.016635996
DEBUG - Updated level with delta: 0.016691474
DEBUG - Updated level with delta: 0.017201372
DEBUG - Updated level with delta: 0.016151325
DEBUG - Updated level with delta: 0.016658344
DEBUG - Updated level with delta: 0.016672376
DEBUG - Updated level with delta: 0.016659774
DEBUG - Updated level with delta: 0.016697624
DEBUG - Updated level with delta: 0.016692974
DEBUG - Updated level with delta: 0.017640073
DEBUG - Updated level with delta: 0.017014737
DEBUG - Updated level with delta: 0.016642845
DEBUG - Updated level with delta: 0.016496888
DEBUG - Updated level with delta: 0.016665404
DEBUG - Updated level with delta: 0.016780672
DEBUG - Updated level with delta: 0.016534727
DEBUG - Updated level with delta: 0.016672535
DEBUG - Updated level with delta: 0.016597855
DEBUG - Updated level with delta: 0.016724283
DEBUG - Updated level with delta: 0.016681384
DEBUG - Updated level with delta: 0.016758233
DEBUG - Updated level with delta: 0.016153886
DEBUG - Updated level with delta: 0.016299202
DEBUG - Updated level with delta: 0.017188933
DEBUG - Updated level with delta: 0.015973879
DEBUG - Updated level with delta: 0.016674955
DEBUG - Updated level with delta: 0.017408708
DEBUG - Updated level with delta: 0.016959838
DEBUG - Updated level with delta: 0.016702773
DEBUG - Updated level with delta: 0.016655295
DEBUG - Updated level with delta: 0.016657004
DEBUG - Updated level with delta: 0.016716473
DEBUG - Updated level with delta: 0.016672655
DEBUG - Updated level with delta: 0.016180515
DEBUG - Updated level with delta: 0.016133656
DEBUG - Updated level with delta: 0.017088136
DEBUG - Updated level with delta: 0.016311472
DEBUG - Updated level with delta: 0.016966228
DEBUG - Updated level with delta: 0.01640999
DEBUG - Updated level with delta: 0.016573866
DEBUG - Updated level with delta: 0.016628036
DEBUG - Updated level with delta: 0.016675014
DEBUG - Updated level with delta: 0.016717065
DEBUG - Updated level with delta: 0.016641186
DEBUG - Updated level with delta: 0.016710424
DEBUG - Updated level with delta: 0.016953779
DEBUG - Updated level with delta: 0.017229793
DEBUG - Updated level with delta: 0.016667854
DEBUG - Updated level with delta: 0.016306694
DEBUG - Updated level with delta: 0.016234355
DEBUG - Updated level with delta: 0.016667765
DEBUG - Updated level with delta: 0.016749762
DEBUG - Updated level with delta: 0.016678336
DEBUG - Updated level with delta: 0.016523958
DEBUG - Updated level with delta: 0.016741484
DEBUG - Updated level with delta: 0.017539616
DEBUG - Updated level with delta: 0.016940709
DEBUG - Updated level with delta: 0.016562297
DEBUG - Updated level with delta: 0.01691867
DEBUG - Updated level with delta: 0.01641185
DEBUG - Updated level with delta: 0.016403441
DEBUG - Updated level with delta: 0.016284043
DEBUG - Updated level with delta: 0.016325653
DEBUG - Updated level with delta: 0.016974809
DEBUG - Updated level with delta: 0.016293903
DEBUG - Updated level with delta: 0.016745843
DEBUG - Updated level with delta: 0.016674135
DEBUG - Updated level with delta: 0.016656535
DEBUG - Updated level with delta: 0.017494688
DEBUG - Updated level with delta: 0.01596516
DEBUG - Updated level with delta: 0.017143144
DEBUG - Updated level with delta: 0.016133147
DEBUG - Updated level with delta: 0.017219123
DEBUG - Updated level with delta: 0.01691896
DEBUG - Updated level with delta: 0.016193635
DEBUG - Updated level with delta: 0.01644829
DEBUG - Updated level with delta: 0.016648186
DEBUG - Updated level with delta: 0.016557657
DEBUG - Updated level with delta: 0.016683284
DEBUG - Updated level with delta: 0.017275791
DEBUG - Updated level with delta: 0.016425171
DEBUG - Updated level with delta: 0.017000478
DEBUG - Updated level with delta: 0.016039749
DEBUG - Updated level with delta: 0.017545404
DEBUG - Updated level with delta: 0.016076049
DEBUG - Updated level with delta: 0.016451961
DEBUG - Updated level with delta: 0.017490507
DEBUG - Updated level with delta: 0.016916369
DEBUG - Updated level with delta: 0.016029989
DEBUG - Updated level with delta: 0.016223435
DEBUG - Updated level with delta: 0.016652016
DEBUG - Updated level with delta: 0.016732243
DEBUG - Updated level with delta: 0.016635286
DEBUG - Updated level with delta: 0.016650635
DEBUG - Updated level with delta: 0.01781795
DEBUG - Updated level with delta: 0.01638831
DEBUG - Updated level with delta: 0.01648217
DEBUG - Updated level with delta: 0.016325073
DEBUG - Updated level with delta: 0.016394901
DEBUG - Updated level with delta: 0.017484867
DEBUG - Updated level with delta: 0.016288964
DEBUG - Updated level with delta: 0.016301553
DEBUG - Updated level with delta: 0.016534589
DEBUG - Updated level with delta: 0.016675626
DEBUG - Updated level with delta: 0.016718334
DEBUG - Updated level with delta: 0.016640987
DEBUG - Updated level with delta: 0.016824552
DEBUG - Updated level with delta: 0.016593477
DEBUG - Updated level with delta: 0.016628147
DEBUG - Updated level with delta: 0.016667176
DEBUG - Updated level with delta: 0.017662564
DEBUG - Updated level with delta: 0.016288653
DEBUG - Updated level with delta: 0.01601621
DEBUG - Updated level with delta: 0.017316882
DEBUG - Updated level with delta: 0.016366432
DEBUG - Updated level with delta: 0.016986759
DEBUG - Updated level with delta: 0.016065469
DEBUG - Updated level with delta: 0.016663625
DEBUG - Updated level with delta: 0.016717125
DEBUG - Updated level with delta: 0.017551587
DEBUG - Updated level with delta: 0.017012728
DEBUG - Updated level with delta: 0.016595637
DEBUG - Updated level with delta: 0.016643446
DEBUG - Updated level with delta: 0.016622027
DEBUG - Updated level with delta: 0.016658345
DEBUG - Updated level with delta: 0.016397582
DEBUG - Updated level with delta: 0.01692213
DEBUG - Updated level with delta: 0.016665066
DEBUG - Updated level with delta: 0.016884051
DEBUG - Updated level with delta: 0.016231375
DEBUG - Updated level with delta: 0.016086008
DEBUG - Updated level with delta: 0.01651246
DEBUG - Updated level with delta: 0.017297511
DEBUG - Updated level with delta: 0.016680226
DEBUG - Updated level with delta: 0.016054499
DEBUG - Updated level with delta: 0.016580088
DEBUG - Updated level with delta: 0.017597515
DEBUG - Updated level with delta: 0.016832443
DEBUG - Updated level with delta: 0.01594667
DEBUG - Updated level with delta: 0.016340233
DEBUG - Updated level with delta: 0.016674756
DEBUG - Updated level with delta: 0.016764454
DEBUG - Updated level with delta: 0.016574418
DEBUG - Updated level with delta: 0.016702745
DEBUG - Updated level with delta: 0.016653946
DEBUG - Updated level with delta: 0.016646466
DEBUG - Updated level with delta: 0.016790383
DEBUG - Updated level with delta: 0.016594067
DEBUG - Updated level with delta: 0.016640387
DEBUG - Updated level with delta: 0.016701225
DEBUG - Updated level with delta: 0.017473578
DEBUG - Updated level with delta: 0.016222006
DEBUG - Updated level with delta: 0.016403691
DEBUG - Updated level with delta: 0.016632606
DEBUG - Updated level with delta: 0.016575128
DEBUG - Updated level with delta: 0.017752592
DEBUG - Updated level with delta: 0.016746204
DEBUG - Updated level with delta: 0.016690005
DEBUG - Updated level with delta: 0.016658046
DEBUG - Updated level with delta: 0.016686037
DEBUG - Updated level with delta: 0.016674656
DEBUG - Updated level with delta: 0.016642036
DEBUG - Updated level with delta: 0.016679326
DEBUG - Updated level with delta: 0.01698241
DEBUG - Updated level with delta: 0.01603699
DEBUG - Updated level with delta: 0.016969
DEBUG - Updated level with delta: 0.016755614
DEBUG - Updated level with delta: 0.016626148
DEBUG - Updated level with delta: 0.016111648
DEBUG - Updated level with delta: 0.016167658
DEBUG - Updated level with delta: 0.016729695
DEBUG - Updated level with delta: 0.016616118
DEBUG - Updated level with delta: 0.016642307
DEBUG - Updated level with delta: 0.016711975
DEBUG - Updated level with delta: 0.017274985
DEBUG - Updated level with delta: 0.017050757
DEBUG - Updated level with delta: 0.016794683
DEBUG - Updated level with delta: 0.016729635
DEBUG - Updated level with delta: 0.016739224
DEBUG - Updated level with delta: 0.016894182
DEBUG - Updated level with delta: 0.0165098
DEBUG - Updated level with delta: 0.0164891
DEBUG - Updated level with delta: 0.016721805
DEBUG - Updated level with delta: 0.016597128
DEBUG - Updated level with delta: 0.016684067
DEBUG - Updated level with delta: 0.016696495
DEBUG - Updated level with delta: 0.016666268
DEBUG - Updated level with delta: 0.016652476
DEBUG - Updated level with delta: 0.016695575
DEBUG - Updated level with delta: 0.016733785
DEBUG - Updated level with delta: 0.016597928
DEBUG - Updated level with delta: 0.016744295
DEBUG - Updated level with delta: 0.016675156
DEBUG - Updated level with delta: 0.01651867
DEBUG - Updated level with delta: 0.016783333
DEBUG - Updated level with delta: 0.016665077
DEBUG - Updated level with delta: 0.016640277
DEBUG - Updated level with delta: 0.016714785
DEBUG - Updated level with delta: 0.016662787
DEBUG - Updated level with delta: 0.016685306
DEBUG - Updated level with delta: 0.016736635
DEBUG - Updated level with delta: 0.016427331
DEBUG - Updated level with delta: 0.015956782
DEBUG - Updated level with delta: 0.017195955
DEBUG - Updated level with delta: 0.01602386
DEBUG - Updated level with delta: 0.016620708
DEBUG - Updated level with delta: 0.016734214
DEBUG - Updated level with delta: 0.016551469
DEBUG - Updated level with delta: 0.016723135
DEBUG - Updated level with delta: 0.016656457
DEBUG - Updated level with delta: 0.016660537
DEBUG - Updated level with delta: 0.016699675
DEBUG - Updated level with delta: 0.016766944
DEBUG - Updated level with delta: 0.016684766
DEBUG - Updated level with delta: 0.017048858
DEBUG - Updated level with delta: 0.016718916
DEBUG - Updated level with delta: 0.016162137
DEBUG - Updated level with delta: 0.016732185
DEBUG - Updated level with delta: 0.016684396
DEBUG - Updated level with delta: 0.017538518
DEBUG - Updated level with delta: 0.016823694
DEBUG - Updated level with delta: 0.016675517
DEBUG - Updated level with delta: 0.016677756
DEBUG - Updated level with delta: 0.016648808
DEBUG - Updated level with delta: 0.016678017
DEBUG - Updated level with delta: 0.017017749
DEBUG - Updated level with delta: 0.016429873
DEBUG - Updated level with delta: 0.017046958
DEBUG - Updated level with delta: 0.016744845
DEBUG - Updated level with delta: 0.016156389
DEBUG - Updated level with delta: 0.016650877
DEBUG - Updated level with delta: 0.016717716
DEBUG - Updated level with delta: 0.016134929
DEBUG - Updated level with delta: 0.016096359
DEBUG - Updated level with delta: 0.016726926
DEBUG - Updated level with delta: 0.016767326
DEBUG - Updated level with delta: 0.016561279
DEBUG - Updated level with delta: 0.016643167
DEBUG - Updated level with delta: 0.016750256
DEBUG - Updated level with delta: 0.01740515
DEBUG - Updated level with delta: 0.016400353
DEBUG - Updated level with delta: 0.016186258
DEBUG - Updated level with delta: 0.01698575
DEBUG - Updated level with delta: 0.016338995
DEBUG - Updated level with delta: 0.016893741
DEBUG - Updated level with delta: 0.01652816
DEBUG - Updated level with delta: 0.016574429
DEBUG - Updated level with delta: 0.016688357
DEBUG - Updated level with delta: 0.016662067
DEBUG - Updated level with delta: 0.016677257
DEBUG - Updated level with delta: 0.016643929
DEBUG - Updated level with delta: 0.016718505
DEBUG - Updated level with delta: 0.017377091
DEBUG - Updated level with delta: 0.016148059
DEBUG - Updated level with delta: 0.01651376
DEBUG - Updated level with delta: 0.01653307
DEBUG - Updated level with delta: 0.016855153
DEBUG - Updated level with delta: 0.0174573
DEBUG - Updated level with delta: 0.016951701
DEBUG - Updated level with delta: 0.016617158
DEBUG - Updated level with delta: 0.016719856
DEBUG - Updated level with delta: 0.016622778
DEBUG - Updated level with delta: 0.016646298
DEBUG - Updated level with delta: 0.016707496
DEBUG - Updated level with delta: 0.016601789
DEBUG - Updated level with delta: 0.01650755
DEBUG - Updated level with delta: 0.016945031
DEBUG - Updated level with delta: 0.016618998
DEBUG - Updated level with delta: 0.016977711
DEBUG - Updated level with delta: 0.016352424
DEBUG - Updated level with delta: 0.016634238
DEBUG - Updated level with delta: 0.016897022
DEBUG - Updated level with delta: 0.016780565
DEBUG - Updated level with delta: 0.016227296
DEBUG - Updated level with delta: 0.016943041
DEBUG - Updated level with delta: 0.016642248
DEBUG - Updated level with delta: 0.016397713
DEBUG - Updated level with delta: 0.016741585
DEBUG - Updated level with delta: 0.016241157
DEBUG - Updated level with delta: 0.016412332
DEBUG - Updated level with delta: 0.01657265
DEBUG - Updated level with delta: 0.016616819
DEBUG - Updated level with delta: 0.016618569
DEBUG - Updated level with delta: 0.016734756
DEBUG - Updated level with delta: 0.016646448
DEBUG - Updated level with delta: 0.016641289
DEBUG - Updated level with delta: 0.016677068
DEBUG - Updated level with delta: 0.016684896
DEBUG - Updated level with delta: 0.016667868
DEBUG - Updated level with delta: 0.016681178
DEBUG - Updated level with delta: 0.017132947
DEBUG - Updated level with delta: 0.016208118
DEBUG - Updated level with delta: 0.01702126
DEBUG - Updated level with delta: 0.016294186
DEBUG - Updated level with delta: 0.016760686
DEBUG - Updated level with delta: 0.017500829
DEBUG - Updated level with delta: 0.016913802
DEBUG - Updated level with delta: 0.016261487
DEBUG - Updated level with delta: 0.016041681
DEBUG - Updated level with delta: 0.01658465
DEBUG - Updated level with delta: 0.016715616
DEBUG - Updated level with delta: 0.016722657
DEBUG - Updated level with delta: 0.016597669
DEBUG - Updated level with delta: 0.016813965
DEBUG - Updated level with delta: 0.01657376
DEBUG - Updated level with delta: 0.016647228
DEBUG - Updated level with delta: 0.016689707
DEBUG - Updated level with delta: 0.017591558
DEBUG - Updated level with delta: 0.016373924
DEBUG - Updated level with delta: 0.016207037
DEBUG - Updated level with delta: 0.016800996
DEBUG - Updated level with delta: 0.016419243
DEBUG - Updated level with delta: 0.016678427
DEBUG - Updated level with delta: 0.016628089
DEBUG - Updated level with delta: 0.016739416
DEBUG - Updated level with delta: 0.016665088
DEBUG - Updated level with delta: 0.016643768
DEBUG - Updated level with delta: 0.016992891
DEBUG - Updated level with delta: 0.016360554
DEBUG - Updated level with delta: 0.016631039
DEBUG - Updated level with delta: 0.017443981
DEBUG - Updated level with delta: 0.016238377
DEBUG - Updated level with delta: 0.016369624
DEBUG - Updated level with delta: 0.016642228
DEBUG - Updated level with delta: 0.016688817
DEBUG - Updated level with delta: 0.016701327
DEBUG - Updated level with delta: 0.016610049
DEBUG - Updated level with delta: 0.016779336
DEBUG - Updated level with delta: 0.016581359
DEBUG - Updated level with delta: 0.016663698
DEBUG - Updated level with delta: 0.016922643
DEBUG - Updated level with delta: 0.016423503
DEBUG - Updated level with delta: 0.016727206
DEBUG - Updated level with delta: 0.017217776
DEBUG - Updated level with delta: 0.016261607
DEBUG - Updated level with delta: 0.016470121
DEBUG - Updated level with delta: 0.016766076
DEBUG - Updated level with delta: 0.016587119
DEBUG - Updated level with delta: 0.016736957
DEBUG - Updated level with delta: 0.016638449
DEBUG - Updated level with delta: 0.016699457
DEBUG - Updated level with delta: 0.016654969
DEBUG - Updated level with delta: 0.016701258
DEBUG - Updated level with delta: 0.016653118
DEBUG - Updated level with delta: 0.016813636
DEBUG - Updated level with delta: 0.016518382
DEBUG - Updated level with delta: 0.01702159
DEBUG - Updated level with delta: 0.017282656
DEBUG - Updated level with delta: 0.016805085
DEBUG - Updated level with delta: 0.016719017
DEBUG - Updated level with delta: 0.016693599
DEBUG - Updated level with delta: 0.01662448
DEBUG - Updated level with delta: 0.016702817
DEBUG - Updated level with delta: 0.016314366
DEBUG - Updated level with delta: 0.016049652
DEBUG - Updated level with delta: 0.017319684
DEBUG - Updated level with delta: 0.016972682
DEBUG - Updated level with delta: 0.016426754
DEBUG - Updated level with delta: 0.016918652
DEBUG - Updated level with delta: 0.016371015
DEBUG - Updated level with delta: 0.0161487
DEBUG - Updated level with delta: 0.01659621
DEBUG - Updated level with delta: 0.016624789
DEBUG - Updated level with delta: 0.01661317
DEBUG - Updated level with delta: 0.016664718
DEBUG - Updated level with delta: 0.016691148
DEBUG - Updated level with delta: 0.017365863
DEBUG - Updated level with delta: 0.016984362
DEBUG - Updated level with delta: 0.016105051
DEBUG - Updated level with delta: 0.016496162
DEBUG - Updated level with delta: 0.016421894
DEBUG - Updated level with delta: 0.016529981
DEBUG - Updated level with delta: 0.016750287
DEBUG - Updated level with delta: 0.017446961
DEBUG - Updated level with delta: 0.016956272
DEBUG - Updated level with delta: 0.01659039
DEBUG - Updated level with delta: 0.016685918
DEBUG - Updated level with delta: 0.016688768
DEBUG - Updated level with delta: 0.016649199
DEBUG - Updated level with delta: 0.0166308
DEBUG - Updated level with delta: 0.016067361
DEBUG - Updated level with delta: 0.016730557
DEBUG - Updated level with delta: 0.016180369
DEBUG - Updated level with delta: 0.016756247
DEBUG - Updated level with delta: 0.016684948
DEBUG - Updated level with delta: 0.01750958
DEBUG - Updated level with delta: 0.016916663
DEBUG - Updated level with delta: 0.016540691
DEBUG - Updated level with delta: 0.016735617
DEBUG - Updated level with delta: 0.016629289
DEBUG - Updated level with delta: 0.016691528
DEBUG - Updated level with delta: 0.016642759
DEBUG - Updated level with delta: 0.016742307
DEBUG - Updated level with delta: 0.016641469
DEBUG - Updated level with delta: 0.016642189
DEBUG - Updated level with delta: 0.016725657
DEBUG - Updated level with delta: 0.016662289
DEBUG - Updated level with delta: 0.016675828
DEBUG - Updated level with delta: 0.016016713
DEBUG - Updated level with delta: 0.016273137
DEBUG - Updated level with delta: 0.016649639
DEBUG - Updated level with delta: 0.016746088
DEBUG - Updated level with delta: 0.01661004
DEBUG - Updated level with delta: 0.01663384
DEBUG - Updated level with delta: 0.016756007
DEBUG - Updated level with delta: 0.017391644
DEBUG - Updated level with delta: 0.016104561
DEBUG - Updated level with delta: 0.016510003
DEBUG - Updated level with delta: 0.016719667
DEBUG - Updated level with delta: 0.016592561
DEBUG - Updated level with delta: 0.017056141
DEBUG - Updated level with delta: 0.016474973
DEBUG - Updated level with delta: 0.016883545
DEBUG - Updated level with delta: 0.016645669
DEBUG - Updated level with delta: 0.016612711
DEBUG - Updated level with delta: 0.01658504
DEBUG - Updated level with delta: 0.016586151
DEBUG - Updated level with delta: 0.01664264
DEBUG - Updated level with delta: 0.017345724
DEBUG - Updated level with delta: 0.016019494
DEBUG - Updated level with delta: 0.017445132
DEBUG - Updated level with delta: 0.016304287
DEBUG - Updated level with delta: 0.016301727
DEBUG - Updated level with delta: 0.016590181
DEBUG - Updated level with delta: 0.016724668
DEBUG - Updated level with delta: 0.01662189
DEBUG - Updated level with delta: 0.016830556
DEBUG - Updated level with delta: 0.016644029
DEBUG - Updated level with delta: 0.016756667
DEBUG - Updated level with delta: 0.016468304
DEBUG - Updated level with delta: 0.016787676
DEBUG - Updated level with delta: 0.016615331
DEBUG - Updated level with delta: 0.016680039
DEBUG - Updated level with delta: 0.016678479
DEBUG - Updated level with delta: 0.016707887
DEBUG - Updated level with delta: 0.016687789
DEBUG - Updated level with delta: 0.017154969
DEBUG - Updated level with delta: 0.016089842
DEBUG - Updated level with delta: 0.016817845
DEBUG - Updated level with delta: 0.016590561
DEBUG - Updated level with delta: 0.016699689
DEBUG - Updated level with delta: 0.016651909
DEBUG - Updated level with delta: 0.017629919
DEBUG - Updated level with delta: 0.016247228
DEBUG - Updated level with delta: 0.016533612
DEBUG - Updated level with delta: 0.016430564
DEBUG - Updated level with delta: 0.016550922
DEBUG - Updated level with delta: 0.01664654
DEBUG - Updated level with delta: 0.016659999
DEBUG - Updated level with delta: 0.016773457
DEBUG - Updated level with delta: 0.016591531
DEBUG - Updated level with delta: 0.017340454
DEBUG - Updated level with delta: 0.016251158
DEBUG - Updated level with delta: 0.016416145
DEBUG - Updated level with delta: 0.016640339
DEBUG - Updated level with delta: 0.016668099
DEBUG - Updated level with delta: 0.0175892
DEBUG - Updated level with delta: 0.016281687
DEBUG - Updated level with delta: 0.01616777
DEBUG - Updated level with delta: 0.016712629
DEBUG - Updated level with delta: 0.016624601
DEBUG - Updated level with delta: 0.016716088
DEBUG - Updated level with delta: 0.016667209
DEBUG - Updated level with delta: 0.017020423
DEBUG - Updated level with delta: 0.016370196
DEBUG - Updated level with delta: 0.016617301
DEBUG - Updated level with delta: 0.017349926
DEBUG - Updated level with delta: 0.016614501
DEBUG - Updated level with delta: 0.016059843
DEBUG - Updated level with delta: 0.01663716
DEBUG - Updated level with delta: 0.017360155
DEBUG - Updated level with delta: 0.016004374
DEBUG - Updated level with delta: 0.016703779
DEBUG - Updated level with delta: 0.016621501
DEBUG - Updated level with delta: 0.016822207
DEBUG - Updated level with delta: 0.016577021
DEBUG - Updated level with delta: 0.01664157
DEBUG - Updated level with delta: 0.01670693
DEBUG - Updated level with delta: 0.01664747
DEBUG - Updated level with delta: 0.017253636
DEBUG - Updated level with delta: 0.016094233
DEBUG - Updated level with delta: 0.01666382
DEBUG - Updated level with delta: 0.016944034
DEBUG - Updated level with delta: 0.016456784
DEBUG - Updated level with delta: 0.016876856
DEBUG - Updated level with delta: 0.016450804
DEBUG - Updated level with delta: 0.017068751
DEBUG - Updated level with delta: 0.017312396
DEBUG - Updated level with delta: 0.016688249
DEBUG - Updated level with delta: 0.016639529
DEBUG - Updated level with delta: 0.016915285
DEBUG - Updated level with delta: 0.016647671
DEBUG - Updated level with delta: 0.016377246
DEBUG - Updated level with delta: 0.016852416
DEBUG - Updated level with delta: 0.01668439
DEBUG - Updated level with delta: 0.016433204
DEBUG - Updated level with delta: 0.016152392
DEBUG - Updated level with delta: 0.016423165
DEBUG - Updated level with delta: 0.016574371
DEBUG - Updated level with delta: 0.0167023
DEBUG - Updated level with delta: 0.017701267
DEBUG - Updated level with delta: 0.016680959
DEBUG - Updated level with delta: 0.016070753
DEBUG - Updated level with delta: 0.016247208
DEBUG - Updated level with delta: 0.016635631
DEBUG - Updated level with delta: 0.016734609
DEBUG - Updated level with delta: 0.016691989
DEBUG - Updated level with delta: 0.017428314
DEBUG - Updated level with delta: 0.01615096
DEBUG - Updated level with delta: 0.017347536
DEBUG - Updated level with delta: 0.016771847
DEBUG - Updated level with delta: 0.016706969
DEBUG - Updated level with delta: 0.0166423
DEBUG - Updated level with delta: 0.016729009
DEBUG - Updated level with delta: 0.01664159
DEBUG - Updated level with delta: 0.01666376
DEBUG - Updated level with delta: 0.01664421
DEBUG - Updated level with delta: 0.01666235
DEBUG - Updated level with delta: 0.01669031
DEBUG - Updated level with delta: 0.01668751
DEBUG - Updated level with delta: 0.015995665
DEBUG - Updated level with delta: 0.016258539
DEBUG - Updated level with delta: 0.016711869
DEBUG - Updated level with delta: 0.016634562
DEBUG - Updated level with delta: 0.016843506
DEBUG - Updated level with delta: 0.01716073
DEBUG - Updated level with delta: 0.016051205
DEBUG - Updated level with delta: 0.01668137
DEBUG - Updated level with delta: 0.01668745
DEBUG - Updated level with delta: 0.01666371
DEBUG - Updated level with delta: 0.01668754
DEBUG - Updated level with delta: 0.017371295
DEBUG - Updated level with delta: 0.016944175
DEBUG - Updated level with delta: 0.016735669
DEBUG - Updated level with delta: 0.016502854
DEBUG - Updated level with delta: 0.016821018
DEBUG - Updated level with delta: 0.016719079
DEBUG - Updated level with delta: 0.016823856
DEBUG - Updated level with delta: 0.016624293
DEBUG - Updated level with delta: 0.01667067
DEBUG - Updated level with delta: 0.016640381
DEBUG - Updated level with delta: 0.016613081
DEBUG - Updated level with delta: 0.016886326
DEBUG - Updated level with delta: 0.016342647
DEBUG - Updated level with delta: 0.016741
DEBUG - Updated level with delta: 0.016458475
DEBUG - Updated level with delta: 0.01621625
DEBUG - Updated level with delta: 0.016255549
DEBUG - Updated level with delta: 0.016697779
DEBUG - Updated level with delta: 0.01667011
DEBUG - Updated level with delta: 0.016877546
DEBUG - Updated level with delta: 0.016575353
DEBUG - Updated level with delta: 0.017847425
DEBUG - Updated level with delta: 0.016535583
DEBUG - Updated level with delta: 0.016935985
DEBUG - Updated level with delta: 0.017055312
DEBUG - Updated level with delta: 0.01667647
DEBUG - Updated level with delta: 0.017068983
DEBUG - Updated level with delta: 0.016300228
DEBUG - Updated level with delta: 0.016120712
DEBUG - Updated level with delta: 0.016522933
DEBUG - Updated level with delta: 0.016632372
DEBUG - Updated level with delta: 0.016890255
DEBUG - Updated level with delta: 0.016533814
DEBUG - Updated level with delta: 0.016649111
DEBUG - Updated level with delta: 0.016315788
DEBUG - Updated level with delta: 0.016063393
DEBUG - Updated level with delta: 0.016556263
DEBUG - Updated level with delta: 0.017701339
DEBUG - Updated level with delta: 0.016795808
DEBUG - Updated level with delta: 0.016342297
DEBUG - Updated level with delta: 0.016269129
DEBUG - Updated level with delta: 0.016947994
DEBUG - Updated level with delta: 0.016375086
DEBUG - Updated level with delta: 0.016559163
DEBUG - Updated level with delta: 0.016410826
DEBUG - Updated level with delta: 0.01671122
DEBUG - Updated level with delta: 0.017672759
DEBUG - Updated level with delta: 0.016796877
DEBUG - Updated level with delta: 0.016595593
DEBUG - Updated level with delta: 0.016597492
DEBUG - Updated level with delta: 0.016783209
DEBUG - Updated level with delta: 0.016521865
DEBUG - Updated level with delta: 0.016633341
DEBUG - Updated level with delta: 0.016181941
DEBUG - Updated level with delta: 0.01626753
DEBUG - Updated level with delta: 0.016652342
DEBUG - Updated level with delta: 0.016669521
DEBUG - Updated level with delta: 0.016658301
DEBUG - Updated level with delta: 0.01671215
DEBUG - Updated level with delta: 0.016765639
DEBUG - Updated level with delta: 0.016605883
DEBUG - Updated level with delta: 0.017571502
DEBUG - Updated level with delta: 0.016845338
DEBUG - Updated level with delta: 0.016450345
DEBUG - Updated level with delta: 0.01669976
DEBUG - Updated level with delta: 0.016597743
DEBUG - Updated level with delta: 0.016861827
DEBUG - Updated level with delta: 0.016214881
DEBUG - Updated level with delta: 0.016172872
DEBUG - Updated level with delta: 0.016652702
DEBUG - Updated level with delta: 0.01669285
DEBUG - Updated level with delta: 0.01675216
DEBUG - Updated level with delta: 0.016536174
DEBUG - Updated level with delta: 0.016681941
DEBUG - Updated level with delta: 0.016672031
DEBUG - Updated level with delta: 0.01668206
DEBUG - Updated level with delta: 0.017616851
DEBUG - Updated level with delta: 0.015962206
DEBUG - Updated level with delta: 0.017002345
DEBUG - Updated level with delta: 0.016141002
DEBUG - Updated level with delta: 0.016624402
DEBUG - Updated level with delta: 0.016677051
DEBUG - Updated level with delta: 0.016764879
DEBUG - Updated level with delta: 0.017492903
DEBUG - Updated level with delta: 0.016876047
DEBUG - Updated level with delta: 0.016492974
DEBUG - Updated level with delta: 0.015966567
DEBUG - Updated level with delta: 0.016470965
DEBUG - Updated level with delta: 0.01672594
DEBUG - Updated level with delta: 0.016761479
DEBUG - Updated level with delta: 0.017577122
DEBUG - Updated level with delta: 0.016403786
DEBUG - Updated level with delta: 0.017011604
DEBUG - Updated level with delta: 0.016634452
DEBUG - Updated level with delta: 0.01672889
DEBUG - Updated level with delta: 0.016720449
DEBUG - Updated level with delta: 0.016671541
DEBUG - Updated level with delta: 0.016699091
DEBUG - Updated level with delta: 0.016604903
DEBUG - Updated level with delta: 0.016656371
DEBUG - Updated level with delta: 0.015985446
DEBUG - Updated level with delta: 0.01670434
DEBUG - Updated level with delta: 0.016402576
DEBUG - Updated level with delta: 0.016759779
DEBUG - Updated level with delta: 0.017332157
DEBUG - Updated level with delta: 0.016980494
DEBUG - Updated level with delta: 0.016209332
DEBUG - Updated level with delta: 0.015989855
DEBUG - Updated level with delta: 0.016632423
DEBUG - Updated level with delta: 0.01676317
DEBUG - Updated level with delta: 0.016584943
DEBUG - Updated level with delta: 0.017580972
DEBUG - Updated level with delta: 0.015994406
DEBUG - Updated level with delta: 0.016795049
DEBUG - Updated level with delta: 0.017287859
DEBUG - Updated level with delta: 0.016321749
DEBUG - Updated level with delta: 0.016503256
DEBUG - Updated level with delta: 0.016915316
DEBUG - Updated level with delta: 0.016011856
DEBUG - Updated level with delta: 0.01676985
DEBUG - Updated level with delta: 0.01675535
DEBUG - Updated level with delta: 0.017056074
DEBUG - Updated level with delta: 0.016104864
DEBUG - Updated level with delta: 0.017349647
DEBUG - Updated level with delta: 0.017037853
DEBUG - Updated level with delta: 0.016831629
DEBUG - Updated level with delta: 0.016557274
DEBUG - Updated level with delta: 0.016582893
DEBUG - Updated level with delta: 0.016620763
DEBUG - Updated level with delta: 0.016651242
DEBUG - Updated level with delta: 0.016884568
DEBUG - Updated level with delta: 0.01670635
DEBUG - Updated level with delta: 0.016620253
DEBUG - Updated level with delta: 0.016669522
DEBUG - Updated level with delta: 0.016625953
DEBUG - Updated level with delta: 0.016700301
DEBUG - Updated level with delta: 0.016663312
DEBUG - Updated level with delta: 0.01672522
DEBUG - Updated level with delta: 0.016483556
DEBUG - Updated level with delta: 0.016917606
DEBUG - Updated level with delta: 0.016631193
DEBUG - Updated level with delta: 0.01627715
DEBUG - Updated level with delta: 0.017003245
DEBUG - Updated level with delta: 0.017038833
DEBUG - Updated level with delta: 0.01631114
DEBUG - Updated level with delta: 0.016630992
DEBUG - Updated level with delta: 0.01676736
DEBUG - Updated level with delta: 0.016233271
DEBUG - Updated level with delta: 0.016001017
DEBUG - Updated level with delta: 0.016788929
DEBUG - Updated level with delta: 0.017533683
DEBUG - Updated level with delta: 0.016046785
DEBUG - Updated level with delta: 0.016687932
DEBUG - Updated level with delta: 0.016336178
DEBUG - Updated level with delta: 0.017138222
DEBUG - Updated level with delta: 0.01629087
DEBUG - Updated level with delta: 0.016522825
DEBUG - Updated level with delta: 0.01671714
DEBUG - Updated level with delta: 0.016809139
DEBUG - Updated level with delta: 0.016511526
DEBUG - Updated level with delta: 0.017039124
DEBUG - Updated level with delta: 0.016838877
DEBUG - Updated level with delta: 0.016179002
DEBUG - Updated level with delta: 0.017319918
DEBUG - Updated level with delta: 0.016204392
DEBUG - Updated level with delta: 0.016459897
DEBUG - Updated level with delta: 0.016704911
DEBUG - Updated level with delta: 0.016966035
DEBUG - Updated level with delta: 0.016449487
DEBUG - Updated level with delta: 0.016742681
DEBUG - Updated level with delta: 0.016464456
DEBUG - Updated level with delta: 0.017106633
DEBUG - Updated level with delta: 0.017205861
DEBUG - Updated level with delta: 0.016209892
DEBUG - Updated level with delta: 0.016951507
DEBUG - Updated level with delta: 0.016789589
DEBUG - Updated level with delta: 0.016093014
DEBUG - Updated level with delta: 0.016461198
DEBUG - Updated level with delta: 0.016684812
DEBUG - Updated level with delta: 0.017219581
DEBUG - Updated level with delta: 0.016064895
DEBUG - Updated level with delta: 0.016669373
DEBUG - Updated level with delta: 0.016694102
DEBUG - Updated level with delta: 0.017458495
DEBUG - Updated level with delta: 0.016383749
DEBUG - Updated level with delta: 0.016209102
DEBUG - Updated level with delta: 0.016663293
DEBUG - Updated level with delta: 0.016632683
DEBUG - Updated level with delta: 0.016988095
DEBUG - Updated level with delta: 0.017036555
DEBUG - Updated level with delta: 0.016012147
DEBUG - Updated level with delta: 0.017388906
DEBUG - Updated level with delta: 0.016469628
DEBUG - Updated level with delta: 0.01630008
DEBUG - Updated level with delta: 0.016495606
DEBUG - Updated level with delta: 0.016705862
DEBUG - Updated level with delta: 0.016632003
DEBUG - Updated level with delta: 0.016729961
DEBUG - Updated level with delta: 0.016664313
DEBUG - Updated level with delta: 0.016684962
DEBUG - Updated level with delta: 0.016683192
DEBUG - Updated level with delta: 0.016641503
DEBUG - Updated level with delta: 0.016617503
DEBUG - Updated level with delta: 0.01728334
DEBUG - Updated level with delta: 0.016416827
DEBUG - Updated level with delta: 0.016996946
DEBUG - Updated level with delta: 0.016712871
DEBUG - Updated level with delta: 0.016018926
DEBUG - Updated level with delta: 0.016663143
DEBUG - Updated level with delta: 0.016735011
DEBUG - Updated level with delta: 0.017517225
DEBUG - Updated level with delta: 0.016837598
DEBUG - Updated level with delta: 0.016103944
DEBUG - Updated level with delta: 0.016552626
DEBUG - Updated level with delta: 0.016992685
DEBUG - Updated level with delta: 0.01676844
DEBUG - Updated level with delta: 0.016013687
DEBUG - Updated level with delta: 0.016597404
DEBUG - Updated level with delta: 0.017146752
DEBUG - Updated level with delta: 0.016152044
DEBUG - Updated level with delta: 0.01675836
DEBUG - Updated level with delta: 0.016613004
DEBUG - Updated level with delta: 0.016694832
DEBUG - Updated level with delta: 0.017762159
DEBUG - Updated level with delta: 0.016645773
DEBUG - Updated level with delta: 0.016622203
DEBUG - Updated level with delta: 0.016717582
DEBUG - Updated level with delta: 0.016644562
DEBUG - Updated level with delta: 0.016859989
DEBUG - Updated level with delta: 0.016930358
DEBUG - Updated level with delta: 0.016170093
DEBUG - Updated level with delta: 0.016148115
DEBUG - Updated level with delta: 0.016294531
DEBUG - Updated level with delta: 0.016976327
DEBUG - Updated level with delta: 0.016316171
DEBUG - Updated level with delta: 0.016933447
DEBUG - Updated level with delta: 0.016414728
DEBUG - Updated level with delta: 0.016663974
DEBUG - Updated level with delta: 0.016688092
DEBUG - Updated level with delta: 0.016696533
DEBUG - Updated level with delta: 0.016640564
DEBUG - Updated level with delta: 0.016671363
DEBUG - Updated level with delta: 0.01729297
DEBUG - Updated level with delta: 0.016923807
DEBUG - Updated level with delta: 0.016345111
DEBUG - Updated level with delta: 0.016174993
DEBUG - Updated level with delta: 0.017020995
DEBUG - Updated level with delta: 0.016287672
DEBUG - Updated level with delta: 0.016653004
DEBUG - Updated level with delta: 0.016694982
DEBUG - Updated level with delta: 0.016783541
DEBUG - Updated level with delta: 0.016674203
DEBUG - Updated level with delta: 0.016577044
DEBUG - Updated level with delta: 0.016672674
DEBUG - Updated level with delta: 0.016687382
DEBUG - Updated level with delta: 0.016657234
DEBUG - Updated level with delta: 0.01727838
DEBUG - Updated level with delta: 0.016646643
DEBUG - Updated level with delta: 0.016120176
DEBUG - Updated level with delta: 0.016698832
DEBUG - Updated level with delta: 0.016643913
DEBUG - Updated level with delta: 0.017603174
DEBUG - Updated level with delta: 0.016026237
DEBUG - Updated level with delta: 0.016779601
DEBUG - Updated level with delta: 0.016294081
DEBUG - Updated level with delta: 0.017391937
DEBUG - Updated level with delta: 0.016880849
DEBUG - Updated level with delta: 0.016756921
DEBUG - Updated level with delta: 0.016744142
DEBUG - Updated level with delta: 0.016136034
DEBUG - Updated level with delta: 0.016173094
DEBUG - Updated level with delta: 0.016633654
DEBUG - Updated level with delta: 0.016848599
DEBUG - Updated level with delta: 0.016543786
DEBUG - Updated level with delta: 0.017559225
DEBUG - Updated level with delta: 0.016936607
DEBUG - Updated level with delta: 0.016599934
DEBUG - Updated level with delta: 0.016429518
DEBUG - Updated level with delta: 0.016864649
DEBUG - Updated level with delta: 0.016670334
DEBUG - Updated level with delta: 0.016702202
DEBUG - Updated level with delta: 0.016900558
DEBUG - Updated level with delta: 0.01682918
DEBUG - Updated level with delta: 0.016426188
DEBUG - Updated level with delta: 0.016580795
DEBUG - Updated level with delta: 0.016674363
DEBUG - Updated level with delta: 0.016663634
DEBUG - Updated level with delta: 0.016734181
DEBUG - Updated level with delta: 0.016641124
DEBUG - Updated level with delta: 0.01639597
DEBUG - Updated level with delta: 0.01684778
DEBUG - Updated level with delta: 0.016707762
DEBUG - Updated level with delta: 0.016478499
DEBUG - Updated level with delta: 0.016948118
DEBUG - Updated level with delta: 0.016024987
DEBUG - Updated level with delta: 0.017149294
DEBUG - Updated level with delta: 0.016307151
DEBUG - Updated level with delta: 0.016120556
DEBUG - Updated level with delta: 0.017082325
DEBUG - Updated level with delta: 0.016235703
DEBUG - Updated level with delta: 0.016639844
DEBUG - Updated level with delta: 0.017643492
DEBUG - Updated level with delta: 0.016834381
DEBUG - Updated level with delta: 0.016217874
DEBUG - Updated level with delta: 0.016694293
DEBUG - Updated level with delta: 0.016377649
DEBUG - Updated level with delta: 0.016270113
DEBUG - Updated level with delta: 0.017266581
DEBUG - Updated level with delta: 0.016648695
DEBUG - Updated level with delta: 0.016201303
DEBUG - Updated level with delta: 0.016613585
DEBUG - Updated level with delta: 0.016721873
DEBUG - Updated level with delta: 0.017468726
DEBUG - Updated level with delta: 0.016892999
DEBUG - Updated level with delta: 0.016327582
DEBUG - Updated level with delta: 0.016591015
DEBUG - Updated level with delta: 0.016999987
DEBUG - Updated level with delta: 0.016781931
DEBUG - Updated level with delta: 0.016628394
DEBUG - Updated level with delta: 0.016592226
DEBUG - Updated level with delta: 0.01638656
DEBUG - Updated level with delta: 0.016037667
DEBUG - Updated level with delta: 0.016625225
DEBUG - Updated level with delta: 0.016695683
DEBUG - Updated level with delta: 0.016683794
DEBUG - Updated level with delta: 0.017538025
DEBUG - Updated level with delta: 0.016910298
DEBUG - Updated level with delta: 0.016937318
DEBUG - Updated level with delta: 0.016207694
DEBUG - Updated level with delta: 0.016465548
DEBUG - Updated level with delta: 0.016042177
DEBUG - Updated level with delta: 0.017150194
DEBUG - Updated level with delta: 0.016393579
DEBUG - Updated level with delta: 0.016952539
DEBUG - Updated level with delta: 0.016474897
DEBUG - Updated level with delta: 0.016314062
DEBUG - Updated level with delta: 0.016643384
DEBUG - Updated level with delta: 0.016637125
DEBUG - Updated level with delta: 0.016985467
DEBUG - Updated level with delta: 0.016589485
DEBUG - Updated level with delta: 0.017217582
DEBUG - Updated level with delta: 0.016470448
DEBUG - Updated level with delta: 0.017205793
DEBUG - Updated level with delta: 0.016519136
DEBUG - Updated level with delta: 0.016476728
DEBUG - Updated level with delta: 0.016274133
DEBUG - Updated level with delta: 0.016519897
DEBUG - Updated level with delta: 0.016599855
DEBUG - Updated level with delta: 0.016779492
DEBUG - Updated level with delta: 0.016573996
DEBUG - Updated level with delta: 0.017531676
DEBUG - Updated level with delta: 0.016837861
DEBUG - Updated level with delta: 0.016541048
DEBUG - Updated level with delta: 0.016696393
DEBUG - Updated level with delta: 0.016805672
DEBUG - Updated level with delta: 0.016634705
DEBUG - Updated level with delta: 0.016372471
DEBUG - Updated level with delta: 0.016649005
DEBUG - Updated level with delta: 0.016324371
DEBUG - Updated level with delta: 0.016295773
DEBUG - Updated level with delta: 0.016689004
DEBUG - Updated level with delta: 0.016624345
DEBUG - Updated level with delta: 0.016737914
DEBUG - Updated level with delta: 0.016639135
DEBUG - Updated level with delta: 0.016663544
DEBUG - Updated level with delta: 0.016716964
DEBUG - Updated level with delta: 0.016628745
DEBUG - Updated level with delta: 0.017304211
DEBUG - Updated level with delta: 0.016688364
DEBUG - Updated level with delta: 0.016718654
DEBUG - Updated level with delta: 0.016821751
DEBUG - Updated level with delta: 0.016275052
DEBUG - Updated level with delta: 0.016387441
DEBUG - Updated level with delta: 0.016583457
DEBUG - Updated level with delta: 0.016666974
DEBUG - Updated level with delta: 0.016717653
DEBUG - Updated level with delta: 0.016654805
DEBUG - Updated level with delta: 0.016700533
DEBUG - Updated level with delta: 0.016603738
DEBUG - Updated level with delta: 0.017793521
DEBUG - Updated level with delta: 0.016427079
DEBUG - Updated level with delta: 0.0168816
DEBUG - Updated level with delta: 0.016627215
DEBUG - Updated level with delta: 0.016186115
DEBUG - Updated level with delta: 0.016118006
DEBUG - Updated level with delta: 0.016666124
DEBUG - Updated level with delta: 0.016669774
DEBUG - Updated level with delta: 0.01687078
DEBUG - Updated level with delta: 0.017469547
DEBUG - Updated level with delta: 0.016836011
DEBUG - Updated level with delta: 0.016587487
DEBUG - Updated level with delta: 0.016654844
DEBUG - Updated level with delta: 0.016983178
DEBUG - Updated level with delta: 0.015991789
DEBUG - Updated level with delta: 0.016049697
DEBUG - Updated level with delta: 0.016689115
DEBUG - Updated level with delta: 0.017034276
DEBUG - Updated level with delta: 0.016315072
DEBUG - Updated level with delta: 0.016525238
DEBUG - Updated level with delta: 0.016892769
DEBUG - Updated level with delta: 0.016585637
DEBUG - Updated level with delta: 0.016705023
DEBUG - Updated level with delta: 0.017479667
DEBUG - Updated level with delta: 0.016875861
DEBUG - Updated level with delta: 0.015995849
DEBUG - Updated level with delta: 0.016633735
DEBUG - Updated level with delta: 0.017404179
DEBUG - Updated level with delta: 0.016296222
DEBUG - Updated level with delta: 0.016092167
DEBUG - Updated level with delta: 0.016533388
DEBUG - Updated level with delta: 0.016831311
DEBUG - Updated level with delta: 0.016540498
DEBUG - Updated level with delta: 0.016729214
DEBUG - Updated level with delta: 0.017543266
DEBUG - Updated level with delta: 0.016780493
DEBUG - Updated level with delta: 0.016683885
DEBUG - Updated level with delta: 0.016712974
DEBUG - Updated level with delta: 0.016620186
DEBUG - Updated level with delta: 0.016711675
DEBUG - Updated level with delta: 0.017003688
DEBUG - Updated level with delta: 0.016127416
DEBUG - Updated level with delta: 0.016284014
DEBUG - Updated level with delta: 0.016293873
DEBUG - Updated level with delta: 0.016718614
DEBUG - Updated level with delta: 0.016714734
DEBUG - Updated level with delta: 0.016689355
DEBUG - Updated level with delta: 0.016498239
DEBUG - Updated level with delta: 0.017344272
DEBUG - Updated level with delta: 0.016701214
DEBUG - Updated level with delta: 0.01597805
DEBUG - Updated level with delta: 0.017273552
DEBUG - Updated level with delta: 0.016475849
DEBUG - Updated level with delta: 0.016210825
DEBUG - Updated level with delta: 0.017580755
DEBUG - Updated level with delta: 0.016262944
DEBUG - Updated level with delta: 0.016196265
DEBUG - Updated level with delta: 0.016679125
DEBUG - Updated level with delta: 0.016755513
DEBUG - Updated level with delta: 0.016643866
DEBUG - Updated level with delta: 0.017626624
DEBUG - Updated level with delta: 0.016807012
DEBUG - Updated level with delta: 0.016642647
DEBUG - Updated level with delta: 0.016632345
DEBUG - Updated level with delta: 0.01651662
DEBUG - Updated level with delta: 0.016921819
DEBUG - Updated level with delta: 0.016647295
DEBUG - Updated level with delta: 0.016686445
DEBUG - Updated level with delta: 0.016673695
DEBUG - Updated level with delta: 0.016699714
DEBUG - Updated level with delta: 0.016585987
DEBUG - Updated level with delta: 0.016100807
DEBUG - Updated level with delta: 0.016254034
DEBUG - Updated level with delta: 0.016675265
DEBUG - Updated level with delta: 0.016739224
DEBUG - Updated level with delta: 0.016578377
DEBUG - Updated level with delta: 0.016714934
DEBUG - Updated level with delta: 0.016628396
DEBUG - Updated level with delta: 0.017509127
DEBUG - Updated level with delta: 0.016067338
DEBUG - Updated level with delta: 0.016473949
DEBUG - Updated level with delta: 0.016701415
DEBUG - Updated level with delta: 0.016746863
DEBUG - Updated level with delta: 0.016618886
DEBUG - Updated level with delta: 0.016649056
DEBUG - Updated level with delta: 0.016655805
DEBUG - Updated level with delta: 0.016733654
DEBUG - Updated level with delta: 0.016568877
DEBUG - Updated level with delta: 0.017763423
DEBUG - Updated level with delta: 0.016636536
DEBUG - Updated level with delta: 0.016674205
DEBUG - Updated level with delta: 0.016655896
DEBUG - Updated level with delta: 0.016168547
DEBUG - Updated level with delta: 0.016850922
DEBUG - Updated level with delta: 0.016048459
DEBUG - Updated level with delta: 0.016658936
DEBUG - Updated level with delta: 0.01695997
DEBUG - Updated level with delta: 0.017595798
DEBUG - Updated level with delta: 0.01685375
DEBUG - Updated level with delta: 0.016389271
DEBUG - Updated level with delta: 0.016660397
DEBUG - Updated level with delta: 0.016577037
DEBUG - Updated level with delta: 0.016299594
DEBUG - Updated level with delta: 0.016160206
DEBUG - Updated level with delta: 0.017009439
DEBUG - Updated level with delta: 0.016581638
DEBUG - Updated level with delta: 0.016763243
DEBUG - Updated level with delta: 0.016202246
DEBUG - Updated level with delta: 0.016684055
DEBUG - Updated level with delta: 0.016614967
DEBUG - Updated level with delta: 0.016735044
DEBUG - Updated level with delta: 0.016726285
DEBUG - Updated level with delta: 0.016658786
DEBUG - Updated level with delta: 0.016688125
DEBUG - Updated level with delta: 0.016684116
DEBUG - Updated level with delta: 0.016576908
DEBUG - Updated level with delta: 0.016732724
DEBUG - Updated level with delta: 0.016764284
DEBUG - Updated level with delta: 0.016549748
DEBUG - Updated level with delta: 0.016687426
DEBUG - Updated level with delta: 0.017494548
DEBUG - Updated level with delta: 0.016029759
DEBUG - Updated level with delta: 0.016527119
INFO - Game is starting...
INFO - Loaded level 1
DEBUG - Updated level with delta: 0.013690541
DEBUG - Updated level with delta: 0.019434803
DEBUG - Updated level with delta: 0.016533858
DEBUG - Updated level with delta: 0.02422618
DEBUG - Updated level with delta: 0.016118374
DEBUG - Updated level with delta: 0.016220432
DEBUG - Updated level with delta: 0.016190133
DEBUG - Updated level with delta: 0.01635565
DEBUG - Updated level with delta: 0.016504219
DEBUG - Updated level with delta: 0.016680515
DEBUG - Updated level with delta: 0.016408459
DEBUG - Updated level with delta: 0.016568168
DEBUG - Updated level with delta: 0.0170434
DEBUG - Updated level with delta: 0.016640326
DEBUG - Updated level with delta: 0.016689335
DEBUG - Updated level with delta: 0.016808673
DEBUG - Updated level with delta: 0.016735475
DEBUG - Updated level with delta: 0.016126044
DEBUG - Updated level with delta: 0.01701154
DEBUG - Updated level with delta: 0.016679465
DEBUG - Updated level with delta: 0.016703026
DEBUG - Updated level with delta: 0.016694495
DEBUG - Updated level with delta: 0.016682485
DEBUG - Updated level with delta: 0.01637827
DEBUG - Updated level with delta: 0.01705831
DEBUG - Updated level with delta: 0.016986731
DEBUG - Updated level with delta: 0.016788163
DEBUG - Updated level with delta: 0.01634891
DEBUG - Updated level with delta: 0.016479369
DEBUG - Updated level with delta: 0.016419289
DEBUG - Updated level with delta: 0.016860693
DEBUG - Updated level with delta: 0.01638527
DEBUG - Updated level with delta: 0.016368241
DEBUG - Updated level with delta: 0.016353691
DEBUG - Updated level with delta: 0.016703565
DEBUG - Updated level with delta: 0.016454289
DEBUG - Updated level with delta: 0.016962242
DEBUG - Updated level with delta: 0.016527878
DEBUG - Updated level with delta: 0.016669786
DEBUG - Updated level with delta: 0.017515744
DEBUG - Updated level with delta: 0.015952257
DEBUG - Updated level with delta: 0.01637254
DEBUG - Updated level with delta: 0.016909122
DEBUG - Updated level with delta: 0.01644555
DEBUG - Updated level with delta: 0.016228873
DEBUG - Updated level with delta: 0.01636384
DEBUG - Updated level with delta: 0.016619387
DEBUG - Updated level with delta: 0.016704935
DEBUG - Updated level with delta: 0.016913863
DEBUG - Updated level with delta: 0.016728535
DEBUG - Updated level with delta: 0.016618107
DEBUG - Updated level with delta: 0.01641474
DEBUG - Updated level with delta: 0.016703225
DEBUG - Updated level with delta: 0.016620667
DEBUG - Updated level with delta: 0.016268612
DEBUG - Updated level with delta: 0.016162244
DEBUG - Updated level with delta: 0.016635106
DEBUG - Updated level with delta: 0.016665676
DEBUG - Updated level with delta: 0.016693156
DEBUG - Updated level with delta: 0.01645181
DEBUG - Updated level with delta: 0.016950201
DEBUG - Updated level with delta: 0.016161064
DEBUG - Updated level with delta: 0.016174233
DEBUG - Updated level with delta: 0.016688346
DEBUG - Updated level with delta: 0.016518699
DEBUG - Updated level with delta: 0.016283652
DEBUG - Updated level with delta: 0.016550748
DEBUG - Updated level with delta: 0.016317591
DEBUG - Updated level with delta: 0.016726165
DEBUG - Updated level with delta: 0.016564448
DEBUG - Updated level with delta: 0.016634147
DEBUG - Updated level with delta: 0.016792343
DEBUG - Updated level with delta: 0.016730865
DEBUG - Updated level with delta: 0.016482439
DEBUG - Updated level with delta: 0.016683106
DEBUG - Updated level with delta: 0.016927002
DEBUG - Updated level with delta: 0.01645507
DEBUG - Updated level with delta: 0.016616616
DEBUG - Updated level with delta: 0.016810814
DEBUG - Updated level with delta: 0.016369341
DEBUG - Updated level with delta: 0.016948202
DEBUG - Updated level with delta: 0.016318241
DEBUG - Updated level with delta: 0.016985921
DEBUG - Updated level with delta: 0.016743155
DEBUG - Updated level with delta: 0.016303252
DEBUG - Updated level with delta: 0.016987261
DEBUG - Updated level with delta: 0.016380141
DEBUG - Updated level with delta: 0.016761404
DEBUG - Updated level with delta: 0.016909983
DEBUG - Updated level with delta: 0.016683286
DEBUG - Updated level with delta: 0.016733634
DEBUG - Updated level with delta: 0.016693396
DEBUG - Updated level with delta: 0.016300942
DEBUG - Updated level with delta: 0.016248333
DEBUG - Updated level with delta: 0.01639561
DEBUG - Updated level with delta: 0.016679816
DEBUG - Updated level with delta: 0.016643108
DEBUG - Updated level with delta: 0.016652886
DEBUG - Updated level with delta: 0.016639017
DEBUG - Updated level with delta: 0.016518549
DEBUG - Updated level with delta: 0.016918872
DEBUG - Updated level with delta: 0.01654404
DEBUG - Updated level with delta: 0.016805914
DEBUG - Updated level with delta: 0.016642946
DEBUG - Updated level with delta: 0.016758996
DEBUG - Updated level with delta: 0.016228373
DEBUG - Updated level with delta: 0.016178524
DEBUG - Updated level with delta: 0.01645858
DEBUG - Updated level with delta: 0.016725265
DEBUG - Updated level with delta: 0.016666627
DEBUG - Updated level with delta: 0.016667336
DEBUG - Updated level with delta: 0.016675867
DEBUG - Updated level with delta: 0.016675736
DEBUG - Updated level with delta: 0.016667017
DEBUG - Updated level with delta: 0.016814664
DEBUG - Updated level with delta: 0.016651376
DEBUG - Updated level with delta: 0.016225503
DEBUG - Updated level with delta: 0.016097036
DEBUG - Updated level with delta: 0.016925152
DEBUG - Updated level with delta: 0.016399071
DEBUG - Updated level with delta: 0.016816904
DEBUG - Updated level with delta: 0.016337171
DEBUG - Updated level with delta: 0.016853304
DEBUG - Updated level with delta: 0.016698696
DEBUG - Updated level with delta: 0.016655656
DEBUG - Updated level with delta: 0.016694857
DEBUG - Updated level with delta: 0.016675877
DEBUG - Updated level with delta: 0.016660536
DEBUG - Updated level with delta: 0.016680676
DEBUG - Updated level with delta: 0.016703707
DEBUG - Updated level with delta: 0.016631957
DEBUG - Updated level with delta: 0.016610217
DEBUG - Updated level with delta: 0.016795414
DEBUG - Updated level with delta: 0.016590298
DEBUG - Updated level with delta: 0.016376911
DEBUG - Updated level with delta: 0.016985592
DEBUG - Updated level with delta: 0.016686166
DEBUG - Updated level with delta: 0.016704446
DEBUG - Updated level with delta: 0.016751815
DEBUG - Updated level with delta: 0.016572218
DEBUG - Updated level with delta: 0.016680206
DEBUG - Updated level with delta: 0.016669377
DEBUG - Updated level with delta: 0.016676536
DEBUG - Updated level with delta: 0.016650777
DEBUG - Updated level with delta: 0.016701216
DEBUG - Updated level with delta: 0.016742095
DEBUG - Updated level with delta: 0.016164265
DEBUG - Updated level with delta: 0.016282092
DEBUG - Updated level with delta: 0.016545188
DEBUG - Updated level with delta: 0.016664217
DEBUG - Updated level with delta: 0.016638937
DEBUG - Updated level with delta: 0.016680586
DEBUG - Updated level with delta: 0.016701567
DEBUG - Updated level with delta: 0.016668897
DEBUG - Updated level with delta: 0.016183234
DEBUG - Updated level with delta: 0.016187644
DEBUG - Updated level with delta: 0.016663538
DEBUG - Updated level with delta: 0.016593977
DEBUG - Updated level with delta: 0.016567189
DEBUG - Updated level with delta: 0.016342982
DEBUG - Updated level with delta: 0.016703297
DEBUG - Updated level with delta: 0.016262523
DEBUG - Updated level with delta: 0.016675277
DEBUG - Updated level with delta: 0.016522259
DEBUG - Updated level with delta: 0.016405291
DEBUG - Updated level with delta: 0.016753646
DEBUG - Updated level with delta: 0.016953993
DEBUG - Updated level with delta: 0.016317512
DEBUG - Updated level with delta: 0.016092876
DEBUG - Updated level with delta: 0.016923823
DEBUG - Updated level with delta: 0.016362841
DEBUG - Updated level with delta: 0.016921424
DEBUG - Updated level with delta: 0.016398731
DEBUG - Updated level with delta: 0.016711026
DEBUG - Updated level with delta: 0.016382091
DEBUG - Updated level with delta: 0.016968683
DEBUG - Updated level with delta: 0.016666597
DEBUG - Updated level with delta: 0.016625777
DEBUG - Updated level with delta: 0.016713507
DEBUG - Updated level with delta: 0.016782725
DEBUG - Updated level with delta: 0.016682066
DEBUG - Updated level with delta: 0.016618828
DEBUG - Updated level with delta: 0.016560439
DEBUG - Updated level with delta: 0.016742246
DEBUG - Updated level with delta: 0.016651557
DEBUG - Updated level with delta: 0.016603439
DEBUG - Updated level with delta: 0.016749725
DEBUG - Updated level with delta: 0.016571599
DEBUG - Updated level with delta: 0.016715306
DEBUG - Updated level with delta: 0.016708136
DEBUG - Updated level with delta: 0.016670517
DEBUG - Updated level with delta: 0.016648338
DEBUG - Updated level with delta: 0.016850294
DEBUG - Updated level with delta: 0.01647996
DEBUG - Updated level with delta: 0.016732616
DEBUG - Updated level with delta: 0.016646407
DEBUG - Updated level with delta: 0.016675737
DEBUG - Updated level with delta: 0.016679237
DEBUG - Updated level with delta: 0.01646166
DEBUG - Updated level with delta: 0.016768575
DEBUG - Updated level with delta: 0.016825385
DEBUG - Updated level with delta: 0.016693147
DEBUG - Updated level with delta: 0.016661757
DEBUG - Updated level with delta: 0.016679827
DEBUG - Updated level with delta: 0.016613888
DEBUG - Updated level with delta: 0.016684656
DEBUG - Updated level with delta: 0.016683367
DEBUG - Updated level with delta: 0.016733846
DEBUG - Updated level with delta: 0.016625677
DEBUG - Updated level with delta: 0.016762416
DEBUG - Updated level with delta: 0.016691536
DEBUG - Updated level with delta: 0.016383561
DEBUG - Updated level with delta: 0.016284224
DEBUG - Updated level with delta: 0.016275763
DEBUG - Updated level with delta: 0.016711117
DEBUG - Updated level with delta: 0.016782006
DEBUG - Updated level with delta: 0.016764606
DEBUG - Updated level with delta: 0.016572788
DEBUG - Updated level with delta: 0.016556669
DEBUG - Updated level with delta: 0.016345983
DEBUG - Updated level with delta: 0.016981852
DEBUG - Updated level with delta: 0.016868585
DEBUG - Updated level with delta: 0.016567308
INFO - Loaded level 1
INFO - Restarted level 1
DEBUG - Updated level with delta: 0.016969873
DEBUG - Updated level with delta: 0.050061312
DEBUG - Updated level with delta: 0.013065312
DEBUG - Updated level with delta: 0.002293565
DEBUG - Updated level with delta: 0.016613078
DEBUG - Updated level with delta: 0.016577169
DEBUG - Updated level with delta: 0.016710937
DEBUG - Updated level with delta: 0.016840615
DEBUG - Updated level with delta: 0.016595548
DEBUG - Updated level with delta: 0.016588999
DEBUG - Updated level with delta: 0.016721257
DEBUG - Updated level with delta: 0.016583258
DEBUG - Updated level with delta: 0.016099047
DEBUG - Updated level with delta: 0.016356542
DEBUG - Updated level with delta: 0.016814915
DEBUG - Updated level with delta: 0.016419071
DEBUG - Updated level with delta: 0.016744936
DEBUG - Updated level with delta: 0.016635468
DEBUG - Updated level with delta: 0.016646438
DEBUG - Updated level with delta: 0.016707707
DEBUG - Updated level with delta: 0.016703637
DEBUG - Updated level with delta: 0.016668106
DEBUG - Updated level with delta: 0.016478621
DEBUG - Updated level with delta: 0.015968379
DEBUG - Updated level with delta: 0.01713329
DEBUG - Updated level with delta: 0.016377932
DEBUG - Updated level with delta: 0.016313222
DEBUG - Updated level with delta: 0.016647918
DEBUG - Updated level with delta: 0.016710306
DEBUG - Updated level with delta: 0.016671518
DEBUG - Updated level with delta: 0.016672707
DEBUG - Updated level with delta: 0.016639629
DEBUG - Updated level with delta: 0.016670636
DEBUG - Updated level with delta: 0.016705227
DEBUG - Updated level with delta: 0.016704127
DEBUG - Updated level with delta: 0.016596089
DEBUG - Updated level with delta: 0.01711003
DEBUG - Updated level with delta: 0.016263324
DEBUG - Updated level with delta: 0.016661077
DEBUG - Updated level with delta: 0.016764406
DEBUG - Updated level with delta: 0.016695147
DEBUG - Updated level with delta: 0.016592968
DEBUG - Updated level with delta: 0.016677418
DEBUG - Updated level with delta: 0.016689657
DEBUG - Updated level with delta: 0.016627968
DEBUG - Updated level with delta: 0.016696857
DEBUG - Updated level with delta: 0.017707552
DEBUG - Updated level with delta: 0.016654348
DEBUG - Updated level with delta: 0.016874034
DEBUG - Updated level with delta: 0.016478411
DEBUG - Updated level with delta: 0.016765706
DEBUG - Updated level with delta: 0.016588469
DEBUG - Updated level with delta: 0.016751866
DEBUG - Updated level with delta: 0.016550641
DEBUG - Updated level with delta: 0.016725457
DEBUG - Updated level with delta: 0.016397262
DEBUG - Updated level with delta: 0.016976833
DEBUG - Updated level with delta: 0.016759316
DEBUG - Updated level with delta: 0.016351083
DEBUG - Updated level with delta: 0.01586004
DEBUG - Updated level with delta: 0.01787714
DEBUG - Updated level with delta: 0.016135706
DEBUG - Updated level with delta: 0.016091837
DEBUG - Updated level with delta: 0.016690557
DEBUG - Updated level with delta: 0.016668958
DEBUG - Updated level with delta: 0.016790606
DEBUG - Updated level with delta: 0.01655262
DEBUG - Updated level with delta: 0.016965183
DEBUG - Updated level with delta: 0.016325703
DEBUG - Updated level with delta: 0.016658368
DEBUG - Updated level with delta: 0.016697328
DEBUG - Updated level with delta: 0.016590009
DEBUG - Updated level with delta: 0.016690197
DEBUG - Updated level with delta: 0.016740327
DEBUG - Updated level with delta: 0.017116761
DEBUG - Updated level with delta: 0.016281834
DEBUG - Updated level with delta: 0.016910305
DEBUG - Updated level with delta: 0.016701707
DEBUG - Updated level with delta: 0.016329573
DEBUG - Updated level with delta: 0.016635008
DEBUG - Updated level with delta: 0.016792276
DEBUG - Updated level with delta: 0.017475256
DEBUG - Updated level with delta: 0.015957239
DEBUG - Updated level with delta: 0.016553979
DEBUG - Updated level with delta: 0.017029953
DEBUG - Updated level with delta: 0.016808446
DEBUG - Updated level with delta: 0.016211594
DEBUG - Updated level with delta: 0.016663598
DEBUG - Updated level with delta: 0.016704528
DEBUG - Updated level with delta: 0.01653732
DEBUG - Updated level with delta: 0.025686591
DEBUG - Updated level with delta: 0.016796616
DEBUG - Updated level with delta: 0.016721057
DEBUG - Updated level with delta: 0.016664448
DEBUG - Updated level with delta: 0.016802756
DEBUG - Updated level with delta: 0.016964514
DEBUG - Updated level with delta: 0.016207274
DEBUG - Updated level with delta: 0.016674258
DEBUG - Updated level with delta: 0.016753066
DEBUG - Updated level with delta: 0.016989934
DEBUG - Updated level with delta: 0.016987882
DEBUG - Updated level with delta: 0.017059543
DEBUG - Updated level with delta: 0.016994883
DEBUG - Updated level with delta: 0.016317073
DEBUG - Updated level with delta: 0.016661647
DEBUG - Updated level with delta: 0.016850356
DEBUG - Updated level with delta: 0.016946603
DEBUG - Updated level with delta: 0.016237045
DEBUG - Updated level with delta: 0.016674688
DEBUG - Updated level with delta: 0.016394292
DEBUG - Updated level with delta: 0.016994594
DEBUG - Updated level with delta: 0.016660289
DEBUG - Updated level with delta: 0.016744677
DEBUG - Updated level with delta: 0.016536829
DEBUG - Updated level with delta: 0.016696818
DEBUG - Updated level with delta: 0.016733998
DEBUG - Updated level with delta: 0.016650219
DEBUG - Updated level with delta: 0.016318534
DEBUG - Updated level with delta: 0.017024113
DEBUG - Updated level with delta: 0.016852405
DEBUG - Updated level with delta: 0.016460452
DEBUG - Updated level with delta: 0.016726997
DEBUG - Updated level with delta: 0.016670879
DEBUG - Updated level with delta: 0.016619349
DEBUG - Updated level with delta: 0.016073797
DEBUG - Updated level with delta: 0.016314704
DEBUG - Updated level with delta: 0.016676018
DEBUG - Updated level with delta: 0.016314144
DEBUG - Updated level with delta: 0.017061922
DEBUG - Updated level with delta: 0.016268034
DEBUG - Updated level with delta: 0.017057513
DEBUG - Updated level with delta: 0.0165917
DEBUG - Updated level with delta: 0.016671448
DEBUG - Updated level with delta: 0.016686337
DEBUG - Updated level with delta: 0.016667919
DEBUG - Updated level with delta: 0.016667748
DEBUG - Updated level with delta: 0.016336224
DEBUG - Updated level with delta: 0.017026603
DEBUG - Updated level with delta: 0.016666688
DEBUG - Updated level with delta: 0.016701068
DEBUG - Updated level with delta: 0.016239085
DEBUG - Updated level with delta: 0.016066477
DEBUG - Updated level with delta: 0.016744588
DEBUG - Updated level with delta: 0.016627589
DEBUG - Updated level with delta: 0.016887125
DEBUG - Updated level with delta: 0.016425571
DEBUG - Updated level with delta: 0.016734478
DEBUG - Updated level with delta: 0.016693858
DEBUG - Updated level with delta: 0.016651048
DEBUG - Updated level with delta: 0.016776527
DEBUG - Updated level with delta: 0.016545951
DEBUG - Updated level with delta: 0.016771536
DEBUG - Updated level with delta: 0.016507451
DEBUG - Updated level with delta: 0.016051418
DEBUG - Updated level with delta: 0.01653758
DEBUG - Updated level with delta: 0.016500921
DEBUG - Updated level with delta: 0.016720228
DEBUG - Updated level with delta: 0.016641128
DEBUG - Updated level with delta: 0.016699548
DEBUG - Updated level with delta: 0.016653148
DEBUG - Updated level with delta: 0.016740218
DEBUG - Updated level with delta: 0.016609979
DEBUG - Updated level with delta: 0.016736947
DEBUG - Updated level with delta: 0.016956704
DEBUG - Updated level with delta: 0.016380303
DEBUG - Updated level with delta: 0.016161776
DEBUG - Updated level with delta: 0.016148646
DEBUG - Updated level with delta: 0.01663656
DEBUG - Updated level with delta: 0.016745768
DEBUG - Updated level with delta: 0.016145236
DEBUG - Updated level with delta: 0.016407823
DEBUG - Updated level with delta: 0.016423032
DEBUG - Updated level with delta: 0.016721448
DEBUG - Updated level with delta: 0.016644209
DEBUG - Updated level with delta: 0.016672569
DEBUG - Updated level with delta: 0.01661215
DEBUG - Updated level with delta: 0.016754748
DEBUG - Updated level with delta: 0.016949134
DEBUG - Updated level with delta: 0.016399573
DEBUG - Updated level with delta: 0.016263075
DEBUG - Updated level with delta: 0.017053743
DEBUG - Updated level with delta: 0.016229015
DEBUG - Updated level with delta: 0.016329855
DEBUG - Updated level with delta: 0.016423432
DEBUG - Updated level with delta: 0.016749858
DEBUG - Updated level with delta: 0.016619389
DEBUG - Updated level with delta: 0.01665374
DEBUG - Updated level with delta: 0.016701018
DEBUG - Updated level with delta: 0.016725728
DEBUG - Updated level with delta: 0.016422862
DEBUG - Updated level with delta: 0.016920625
DEBUG - Updated level with delta: 0.016936005
DEBUG - Updated level with delta: 0.016452802
DEBUG - Updated level with delta: 0.0165662
DEBUG - Updated level with delta: 0.016706268
DEBUG - Updated level with delta: 0.016764448
DEBUG - Updated level with delta: 0.016493812
DEBUG - Updated level with delta: 0.016769297
DEBUG - Updated level with delta: 0.016266335
DEBUG - Updated level with delta: 0.016117247
DEBUG - Updated level with delta: 0.016967935
DEBUG - Updated level with delta: 0.016376303
DEBUG - Updated level with delta: 0.016844466
DEBUG - Updated level with delta: 0.016501251
DEBUG - Updated level with delta: 0.016994984
DEBUG - Updated level with delta: 0.016749918
DEBUG - Updated level with delta: 0.016360403
DEBUG - Updated level with delta: 0.016648959
DEBUG - Updated level with delta: 0.01661647
DEBUG - Updated level with delta: 0.016049168
DEBUG - Updated level with delta: 0.016246315
DEBUG - Updated level with delta: 0.016691701
DEBUG - Updated level with delta: 0.016661568
DEBUG - Updated level with delta: 0.016675009
DEBUG - Updated level with delta: 0.016665899
DEBUG - Updated level with delta: 0.016663128
DEBUG - Updated level with delta: 0.016714628
DEBUG - Updated level with delta: 0.016661299
DEBUG - Updated level with delta: 0.016725668
DEBUG - Updated level with delta: 0.016171836
DEBUG - Updated level with delta: 0.016275615
DEBUG - Updated level with delta: 0.016137866
DEBUG - Updated level with delta: 0.016172416
DEBUG - Updated level with delta: 0.016491922
DEBUG - Updated level with delta: 0.016665428
DEBUG - Updated level with delta: 0.016679129
DEBUG - Updated level with delta: 0.016658929
DEBUG - Updated level with delta: 0.016714578
DEBUG - Updated level with delta: 0.01660181
DEBUG - Updated level with delta: 0.017089113
DEBUG - Updated level with delta: 0.017126343
DEBUG - Updated level with delta: 0.016194976
DEBUG - Updated level with delta: 0.017339149
DEBUG - Updated level with delta: 0.01599484
DEBUG - Updated level with delta: 0.017107092
DEBUG - Updated level with delta: 0.016961295
DEBUG - Updated level with delta: 0.01667681
DEBUG - Updated level with delta: 0.016731988
DEBUG - Updated level with delta: 0.017038634
DEBUG - Updated level with delta: 0.016282295
DEBUG - Updated level with delta: 0.01666641
DEBUG - Updated level with delta: 0.016652599
DEBUG - Updated level with delta: 0.016697038
DEBUG - Updated level with delta: 0.016247996
DEBUG - Updated level with delta: 0.016168517
DEBUG - Updated level with delta: 0.016537631
DEBUG - Updated level with delta: 0.016684609
DEBUG - Updated level with delta: 0.016713769
DEBUG - Updated level with delta: 0.017491897
DEBUG - Updated level with delta: 0.016953665
DEBUG - Updated level with delta: 0.016689669
DEBUG - Updated level with delta: 0.016556501
DEBUG - Updated level with delta: 0.016964925
DEBUG - Updated level with delta: 0.016022899
DEBUG - Updated level with delta: 0.016823147
DEBUG - Updated level with delta: 0.016921965
DEBUG - Updated level with delta: 0.016376644
DEBUG - Updated level with delta: 0.016209677
DEBUG - Updated level with delta: 0.016350073
DEBUG - Updated level with delta: 0.01667445
DEBUG - Updated level with delta: 0.016900435
DEBUG - Updated level with delta: 0.016466783
DEBUG - Updated level with delta: 0.016729358
DEBUG - Updated level with delta: 0.016753868
DEBUG - Updated level with delta: 0.016999844
DEBUG - Updated level with delta: 0.016844137
DEBUG - Updated level with delta: 0.016460494
DEBUG - Updated level with delta: 0.016272794
DEBUG - Updated level with delta: 0.017501866
DEBUG - Updated level with delta: 0.016107138
DEBUG - Updated level with delta: 0.016944375
DEBUG - Updated level with delta: 0.016109138
DEBUG - Updated level with delta: 0.016678709
DEBUG - Updated level with delta: 0.016697979
DEBUG - Updated level with delta: 0.016655271
DEBUG - Updated level with delta: 0.016660648
DEBUG - Updated level with delta: 0.016704289
DEBUG - Updated level with delta: 0.01668317
DEBUG - Updated level with delta: 0.016632779
DEBUG - Updated level with delta: 0.016656709
DEBUG - Updated level with delta: 0.016753968
DEBUG - Updated level with delta: 0.016888537
DEBUG - Updated level with delta: 0.016550191
DEBUG - Updated level with delta: 0.016521651
DEBUG - Updated level with delta: 0.016717829
DEBUG - Updated level with delta: 0.01661902
DEBUG - Updated level with delta: 0.017376628
DEBUG - Updated level with delta: 0.01596395
DEBUG - Updated level with delta: 0.016801068
DEBUG - Updated level with delta: 0.016608051
DEBUG - Updated level with delta: 0.01663256
DEBUG - Updated level with delta: 0.016728459
DEBUG - Updated level with delta: 0.017724063
DEBUG - Updated level with delta: 0.016600041
DEBUG - Updated level with delta: 0.017022185
DEBUG - Updated level with delta: 0.016916306
DEBUG - Updated level with delta: 0.016294455
DEBUG - Updated level with delta: 0.016571531
DEBUG - Updated level with delta: 0.016649191
DEBUG - Updated level with delta: 0.016090508
DEBUG - Updated level with delta: 0.016164377
DEBUG - Updated level with delta: 0.017678994
DEBUG - Updated level with delta: 0.016655391
DEBUG - Updated level with delta: 0.01663308
DEBUG - Updated level with delta: 0.016127739
DEBUG - Updated level with delta: 0.016246915
DEBUG - Updated level with delta: 0.01734445
DEBUG - Updated level with delta: 0.016195607
DEBUG - Updated level with delta: 0.016549801
DEBUG - Updated level with delta: 0.016619812
DEBUG - Updated level with delta: 0.016926735
DEBUG - Updated level with delta: 0.017447808
DEBUG - Updated level with delta: 0.016799989
DEBUG - Updated level with delta: 0.016527971
DEBUG - Updated level with delta: 0.016800508
DEBUG - Updated level with delta: 0.016365085
DEBUG - Updated level with delta: 0.016688979
DEBUG - Updated level with delta: 0.015881821
DEBUG - Updated level with delta: 0.01663677
DEBUG - Updated level with delta: 0.016879037
DEBUG - Updated level with delta: 0.017387639
DEBUG - Updated level with delta: 0.016915906
DEBUG - Updated level with delta: 0.01665754
DEBUG - Updated level with delta: 0.016784769
DEBUG - Updated level with delta: 0.016068118
DEBUG - Updated level with delta: 0.016170138
DEBUG - Updated level with delta: 0.01654956
DEBUG - Updated level with delta: 0.01666364
DEBUG - Updated level with delta: 0.016661061
DEBUG - Updated level with delta: 0.016728998
DEBUG - Updated level with delta: 0.016662912
DEBUG - Updated level with delta: 0.017620664
DEBUG - Updated level with delta: 0.016570361
DEBUG - Updated level with delta: 0.016968725
DEBUG - Updated level with delta: 0.016361224
DEBUG - Updated level with delta: 0.016826448
DEBUG - Updated level with delta: 0.016804407
DEBUG - Updated level with delta: 0.016587941
DEBUG - Updated level with delta: 0.016728479
DEBUG - Updated level with delta: 0.016151488
DEBUG - Updated level with delta: 0.016218956
DEBUG - Updated level with delta: 0.016560911
DEBUG - Updated level with delta: 0.01670051
DEBUG - Updated level with delta: 0.016732769
DEBUG - Updated level with delta: 0.017633775
DEBUG - Updated level with delta: 0.016043689
DEBUG - Updated level with delta: 0.017172672
DEBUG - Updated level with delta: 0.016914456
DEBUG - Updated level with delta: 0.01665189
DEBUG - Updated level with delta: 0.016821528
DEBUG - Updated level with delta: 0.016446384
DEBUG - Updated level with delta: 0.016697019
DEBUG - Updated level with delta: 0.016385465
DEBUG - Updated level with delta: 0.016653331
DEBUG - Updated level with delta: 0.016487183
DEBUG - Updated level with delta: 0.016718348
DEBUG - Updated level with delta: 0.016288487
DEBUG - Updated level with delta: 0.017263441
DEBUG - Updated level with delta: 0.016315625
DEBUG - Updated level with delta: 0.016224247
DEBUG - Updated level with delta: 0.017004596
DEBUG - Updated level with delta: 0.016348304
DEBUG - Updated level with delta: 0.016659281
DEBUG - Updated level with delta: 0.016684269
DEBUG - Updated level with delta: 0.017092144
DEBUG - Updated level with delta: 0.016311736
DEBUG - Updated level with delta: 0.01665563
DEBUG - Updated level with delta: 0.016670321
DEBUG - Updated level with delta: 0.01666769
DEBUG - Updated level with delta: 0.016990466
DEBUG - Updated level with delta: 0.017210332
DEBUG - Updated level with delta: 0.016267536
DEBUG - Updated level with delta: 0.016271686
DEBUG - Updated level with delta: 0.016639161
DEBUG - Updated level with delta: 0.016635481
DEBUG - Updated level with delta: 0.016920706
DEBUG - Updated level with delta: 0.016564032
DEBUG - Updated level with delta: 0.016554282
DEBUG - Updated level with delta: 0.016695629
DEBUG - Updated level with delta: 0.016709031
DEBUG - Updated level with delta: 0.017544556
DEBUG - Updated level with delta: 0.016764828
DEBUG - Updated level with delta: 0.016662371
DEBUG - Updated level with delta: 0.016642271
DEBUG - Updated level with delta: 0.016196857
DEBUG - Updated level with delta: 0.016532202
DEBUG - Updated level with delta: 0.016345095
DEBUG - Updated level with delta: 0.01668952
DEBUG - Updated level with delta: 0.01671648
DEBUG - Updated level with delta: 0.016577342
DEBUG - Updated level with delta: 0.016613541
DEBUG - Updated level with delta: 0.017889522
DEBUG - Updated level with delta: 0.016882587
DEBUG - Updated level with delta: 0.016317826
DEBUG - Updated level with delta: 0.0159674
DEBUG - Updated level with delta: 0.016581722
DEBUG - Updated level with delta: 0.017225911
DEBUG - Updated level with delta: 0.016264097
DEBUG - Updated level with delta: 0.016336975
DEBUG - Updated level with delta: 0.016892986
DEBUG - Updated level with delta: 0.016516524
DEBUG - Updated level with delta: 0.01659405
DEBUG - Updated level with delta: 0.01667999
DEBUG - Updated level with delta: 0.01664677
DEBUG - Updated level with delta: 0.01740313
DEBUG - Updated level with delta: 0.016590361
DEBUG - Updated level with delta: 0.016872268
DEBUG - Updated level with delta: 0.015893911
DEBUG - Updated level with delta: 0.017242012
DEBUG - Updated level with delta: 0.016940447
DEBUG - Updated level with delta: 0.016906287
DEBUG - Updated level with delta: 0.016619872
DEBUG - Updated level with delta: 0.016739699
DEBUG - Updated level with delta: 0.016653831
DEBUG - Updated level with delta: 0.016482304
DEBUG - Updated level with delta: 0.016836628
DEBUG - Updated level with delta: 0.0166911
DEBUG - Updated level with delta: 0.016650051
DEBUG - Updated level with delta: 0.016174289
DEBUG - Updated level with delta: 0.016138958
DEBUG - Updated level with delta: 0.017014656
DEBUG - Updated level with delta: 0.017297373
DEBUG - Updated level with delta: 0.01657355
DEBUG - Updated level with delta: 0.016962046
DEBUG - Updated level with delta: 0.016143009
DEBUG - Updated level with delta: 0.01602142
DEBUG - Updated level with delta: 0.016668641
DEBUG - Updated level with delta: 0.016636131
DEBUG - Updated level with delta: 0.01675073
DEBUG - Updated level with delta: 0.017502489
DEBUG - Updated level with delta: 0.016811968
DEBUG - Updated level with delta: 0.016770499
DEBUG - Updated level with delta: 0.016843028
DEBUG - Updated level with delta: 0.016536993
DEBUG - Updated level with delta: 0.01669433
DEBUG - Updated level with delta: 0.016192428
DEBUG - Updated level with delta: 0.016125459
DEBUG - Updated level with delta: 0.017255711
DEBUG - Updated level with delta: 0.017013006
DEBUG - Updated level with delta: 0.01676687
DEBUG - Updated level with delta: 0.01666714
DEBUG - Updated level with delta: 0.016594322
DEBUG - Updated level with delta: 0.01674433
DEBUG - Updated level with delta: 0.016655901
DEBUG - Updated level with delta: 0.01672007
DEBUG - Updated level with delta: 0.016630812
DEBUG - Updated level with delta: 0.01667099
DEBUG - Updated level with delta: 0.016113639
DEBUG - Updated level with delta: 0.016347235
DEBUG - Updated level with delta: 0.016565283
DEBUG - Updated level with delta: 0.016725379
DEBUG - Updated level with delta: 0.016669341
DEBUG - Updated level with delta: 0.016585232
DEBUG - Updated level with delta: 0.016634881
DEBUG - Updated level with delta: 0.016773009
DEBUG - Updated level with delta: 0.016564992
DEBUG - Updated level with delta: 0.01673363
DEBUG - Updated level with delta: 0.017556756
DEBUG - Updated level with delta: 0.016964137
DEBUG - Updated level with delta: 0.016575332
DEBUG - Updated level with delta: 0.015996011
DEBUG - Updated level with delta: 0.016335176
DEBUG - Updated level with delta: 0.016559053
DEBUG - Updated level with delta: 0.01671889
DEBUG - Updated level with delta: 0.016619771
DEBUG - Updated level with delta: 0.017371
DEBUG - Updated level with delta: 0.016025451
DEBUG - Updated level with delta: 0.01665063
DEBUG - Updated level with delta: 0.016699761
DEBUG - Updated level with delta: 0.016653191
DEBUG - Updated level with delta: 0.016787499
DEBUG - Updated level with delta: 0.017515518
DEBUG - Updated level with delta: 0.016722161
DEBUG - Updated level with delta: 0.016199319
DEBUG - Updated level with delta: 0.016136289
DEBUG - Updated level with delta: 0.016658261
DEBUG - Updated level with delta: 0.016680101
DEBUG - Updated level with delta: 0.016829358
DEBUG - Updated level with delta: 0.016525974
DEBUG - Updated level with delta: 0.016645661
DEBUG - Updated level with delta: 0.01740543
DEBUG - Updated level with delta: 0.016892736
DEBUG - Updated level with delta: 0.01690051
DEBUG - Updated level with delta: 0.016615411
DEBUG - Updated level with delta: 0.016174379
DEBUG - Updated level with delta: 0.01606616
DEBUG - Updated level with delta: 0.017053725
DEBUG - Updated level with delta: 0.016610352
DEBUG - Updated level with delta: 0.016503644
DEBUG - Updated level with delta: 0.016540903
DEBUG - Updated level with delta: 0.01678443
DEBUG - Updated level with delta: 0.016602032
DEBUG - Updated level with delta: 0.016675631
DEBUG - Updated level with delta: 0.016664811
DEBUG - Updated level with delta: 0.016672871
DEBUG - Updated level with delta: 0.017236312
DEBUG - Updated level with delta: 0.016189218
DEBUG - Updated level with delta: 0.016596913
DEBUG - Updated level with delta: 0.016756661
DEBUG - Updated level with delta: 0.016612341
DEBUG - Updated level with delta: 0.01678547
DEBUG - Updated level with delta: 0.017413579
DEBUG - Updated level with delta: 0.016459455
DEBUG - Updated level with delta: 0.016890578
DEBUG - Updated level with delta: 0.016837238
DEBUG - Updated level with delta: 0.016764209
DEBUG - Updated level with delta: 0.016624382
DEBUG - Updated level with delta: 0.016649522
DEBUG - Updated level with delta: 0.016638131
DEBUG - Updated level with delta: 0.01672248
DEBUG - Updated level with delta: 0.016647742
DEBUG - Updated level with delta: 0.016202628
DEBUG - Updated level with delta: 0.01603953
DEBUG - Updated level with delta: 0.01675125
DEBUG - Updated level with delta: 0.016783849
DEBUG - Updated level with delta: 0.01674861
DEBUG - Updated level with delta: 0.016560083
DEBUG - Updated level with delta: 0.016605842
DEBUG - Updated level with delta: 0.016655871
DEBUG - Updated level with delta: 0.017704076
DEBUG - Updated level with delta: 0.016293387
DEBUG - Updated level with delta: 0.01602976
DEBUG - Updated level with delta: 0.016677901
DEBUG - Updated level with delta: 0.01746165
DEBUG - Updated level with delta: 0.01607494
DEBUG - Updated level with delta: 0.016474674
DEBUG - Updated level with delta: 0.016746539
DEBUG - Updated level with delta: 0.016607332
DEBUG - Updated level with delta: 0.017550539
DEBUG - Updated level with delta: 0.016894058
DEBUG - Updated level with delta: 0.016604772
DEBUG - Updated level with delta: 0.016961087
DEBUG - Updated level with delta: 0.016569443
DEBUG - Updated level with delta: 0.016567424
DEBUG - Updated level with delta: 0.016670021
DEBUG - Updated level with delta: 0.016685272
DEBUG - Updated level with delta: 0.016246657
DEBUG - Updated level with delta: 0.016415356
DEBUG - Updated level with delta: 0.016860168
DEBUG - Updated level with delta: 0.01610239
DEBUG - Updated level with delta: 0.016720741
DEBUG - Updated level with delta: 0.01747305
DEBUG - Updated level with delta: 0.016890888
DEBUG - Updated level with delta: 0.016696231
DEBUG - Updated level with delta: 0.017036326
DEBUG - Updated level with delta: 0.016370186
DEBUG - Updated level with delta: 0.016587913
DEBUG - Updated level with delta: 0.016692311
DEBUG - Updated level with delta: 0.016864129
DEBUG - Updated level with delta: 0.016082901
DEBUG - Updated level with delta: 0.016364366
DEBUG - Updated level with delta: 0.016847498
DEBUG - Updated level with delta: 0.016161409
DEBUG - Updated level with delta: 0.016647362
DEBUG - Updated level with delta: 0.01675805
DEBUG - Updated level with delta: 0.016591763
DEBUG - Updated level with delta: 0.01738745
DEBUG - Updated level with delta: 0.015916403
DEBUG - Updated level with delta: 0.016649832
DEBUG - Updated level with delta: 0.016990276
DEBUG - Updated level with delta: 0.016629753
DEBUG - Updated level with delta: 0.017666917
DEBUG - Updated level with delta: 0.01609639
DEBUG - Updated level with delta: 0.016331237
DEBUG - Updated level with delta: 0.016296106
DEBUG - Updated level with delta: 0.016700031
DEBUG - Updated level with delta: 0.016657772
DEBUG - Updated level with delta: 0.016672931
DEBUG - Updated level with delta: 0.01679136
DEBUG - Updated level with delta: 0.016559564
DEBUG - Updated level with delta: 0.016684901
DEBUG - Updated level with delta: 0.016721011
DEBUG - Updated level with delta: 0.016614801
DEBUG - Updated level with delta: 0.016678902
DEBUG - Updated level with delta: 0.017310382
DEBUG - Updated level with delta: 0.016219028
DEBUG - Updated level with delta: 0.016502655
DEBUG - Updated level with delta: 0.016790669
DEBUG - Updated level with delta: 0.016631043
DEBUG - Updated level with delta: 0.017591137
DEBUG - Updated level with delta: 0.01677023
DEBUG - Updated level with delta: 0.016713561
DEBUG - Updated level with delta: 0.016476435
DEBUG - Updated level with delta: 0.016006121
DEBUG - Updated level with delta: 0.016807609
DEBUG - Updated level with delta: 0.017004527
DEBUG - Updated level with delta: 0.016861219
DEBUG - Updated level with delta: 0.016302417
DEBUG - Updated level with delta: 0.017026677
DEBUG - Updated level with delta: 0.016880268
DEBUG - Updated level with delta: 0.016645163
DEBUG - Updated level with delta: 0.016911608
DEBUG - Updated level with delta: 0.016023222
DEBUG - Updated level with delta: 0.016033822
DEBUG - Updated level with delta: 0.01681021
DEBUG - Updated level with delta: 0.017218044
DEBUG - Updated level with delta: 0.016008291
DEBUG - Updated level with delta: 0.016748621
DEBUG - Updated level with delta: 0.016686082
DEBUG - Updated level with delta: 0.017364402
DEBUG - Updated level with delta: 0.01612226
DEBUG - Updated level with delta: 0.017027217
DEBUG - Updated level with delta: 0.01616413
DEBUG - Updated level with delta: 0.016632222
DEBUG - Updated level with delta: 0.01676579
DEBUG - Updated level with delta: 0.016554764
DEBUG - Updated level with delta: 0.016694331
DEBUG - Updated level with delta: 0.017606509
DEBUG - Updated level with delta: 0.017003367
DEBUG - Updated level with delta: 0.016505424
DEBUG - Updated level with delta: 0.016320348
DEBUG - Updated level with delta: 0.016152138
DEBUG - Updated level with delta: 0.017139536
DEBUG - Updated level with delta: 0.0161399
DEBUG - Updated level with delta: 0.016500625
DEBUG - Updated level with delta: 0.016651782
DEBUG - Updated level with delta: 0.016866489
DEBUG - Updated level with delta: 0.017464521
DEBUG - Updated level with delta: 0.016786259
DEBUG - Updated level with delta: 0.016744072
DEBUG - Updated level with delta: 0.016592152
DEBUG - Updated level with delta: 0.016749172
DEBUG - Updated level with delta: 0.016222299
DEBUG - Updated level with delta: 0.016008841
DEBUG - Updated level with delta: 0.016714322
DEBUG - Updated level with delta: 0.016969787
DEBUG - Updated level with delta: 0.017322973
DEBUG - Updated level with delta: 0.016733971
DEBUG - Updated level with delta: 0.016712761
DEBUG - Updated level with delta: 0.016615863
DEBUG - Updated level with delta: 0.016480484
DEBUG - Updated level with delta: 0.016944787
DEBUG - Updated level with delta: 0.016979738
DEBUG - Updated level with delta: 0.016369757
DEBUG - Updated level with delta: 0.016741971
DEBUG - Updated level with delta: 0.016560303
DEBUG - Updated level with delta: 0.016720351
DEBUG - Updated level with delta: 0.016269978
DEBUG - Updated level with delta: 0.016395826
DEBUG - Updated level with delta: 0.016479495
DEBUG - Updated level with delta: 0.016624682
DEBUG - Updated level with delta: 0.016530565
DEBUG - Updated level with delta: 0.016700401
DEBUG - Updated level with delta: 0.017191385
DEBUG - Updated level with delta: 0.016128169
DEBUG - Updated level with delta: 0.016644143
DEBUG - Updated level with delta: 0.017377211
DEBUG - Updated level with delta: 0.015910614
DEBUG - Updated level with delta: 0.016741831
DEBUG - Updated level with delta: 0.016711212
DEBUG - Updated level with delta: 0.016639222
DEBUG - Updated level with delta: 0.016823701
DEBUG - Updated level with delta: 0.016601013
DEBUG - Updated level with delta: 0.016655853
DEBUG - Updated level with delta: 0.016643513
DEBUG - Updated level with delta: 0.017584628
DEBUG - Updated level with delta: 0.016792081
DEBUG - Updated level with delta: 0.016699362
DEBUG - Updated level with delta: 0.016685133
DEBUG - Updated level with delta: 0.016555894
DEBUG - Updated level with delta: 0.01679192
DEBUG - Updated level with delta: 0.01617608
DEBUG - Updated level with delta: 0.016945108
DEBUG - Updated level with delta: 0.016029912
DEBUG - Updated level with delta: 0.016578184
DEBUG - Updated level with delta: 0.016577514
DEBUG - Updated level with delta: 0.016897049
DEBUG - Updated level with delta: 0.01752389
DEBUG - Updated level with delta: 0.016056911
DEBUG - Updated level with delta: 0.016240139
DEBUG - Updated level with delta: 0.016705402
DEBUG - Updated level with delta: 0.016646883
DEBUG - Updated level with delta: 0.016670502
DEBUG - Updated level with delta: 0.016666403
DEBUG - Updated level with delta: 0.017285733
DEBUG - Updated level with delta: 0.016941718
DEBUG - Updated level with delta: 0.016981548
DEBUG - Updated level with delta: 0.016548145
DEBUG - Updated level with delta: 0.016673172
DEBUG - Updated level with delta: 0.016660273
DEBUG - Updated level with delta: 0.016703982
DEBUG - Updated level with delta: 0.016322247
DEBUG - Updated level with delta: 0.015982323
DEBUG - Updated level with delta: 0.016542814
DEBUG - Updated level with delta: 0.016698062
DEBUG - Updated level with delta: 0.016705602
DEBUG - Updated level with delta: 0.017406281
DEBUG - Updated level with delta: 0.016050492
DEBUG - Updated level with delta: 0.017237884
DEBUG - Updated level with delta: 0.022735273
DEBUG - Updated level with delta: 0.016262499
DEBUG - Updated level with delta: 0.016064211
DEBUG - Updated level with delta: 0.016526804
DEBUG - Updated level with delta: 0.016536025
DEBUG - Updated level with delta: 0.016447436
DEBUG - Updated level with delta: 0.016772121
DEBUG - Updated level with delta: 0.016445975
DEBUG - Updated level with delta: 0.016720862
DEBUG - Updated level with delta: 0.016698312
DEBUG - Updated level with delta: 0.016624003
DEBUG - Updated level with delta: 0.016704652
DEBUG - Updated level with delta: 0.016988958
DEBUG - Updated level with delta: 0.016327588
DEBUG - Updated level with delta: 0.016705792
DEBUG - Updated level with delta: 0.016694302
DEBUG - Updated level with delta: 0.016749371
DEBUG - Updated level with delta: 0.016645233
DEBUG - Updated level with delta: 0.016595363
DEBUG - Updated level with delta: 0.016833901
DEBUG - Updated level with delta: 0.016742092
DEBUG - Updated level with delta: 0.016488086
DEBUG - Updated level with delta: 0.016551164
DEBUG - Updated level with delta: 0.016737812
DEBUG - Updated level with delta: 0.016343328
DEBUG - Updated level with delta: 0.016317368
DEBUG - Updated level with delta: 0.016387467
DEBUG - Updated level with delta: 0.016686353
DEBUG - Updated level with delta: 0.016651493
DEBUG - Updated level with delta: 0.016804351
DEBUG - Updated level with delta: 0.016546905
DEBUG - Updated level with delta: 0.016671593
DEBUG - Updated level with delta: 0.017047367
DEBUG - Updated level with delta: 0.016660504
DEBUG - Updated level with delta: 0.017026297
DEBUG - Updated level with delta: 0.016421267
DEBUG - Updated level with delta: 0.016216529
DEBUG - Updated level with delta: 0.016348738
DEBUG - Updated level with delta: 0.01622006
DEBUG - Updated level with delta: 0.016915879
DEBUG - Updated level with delta: 0.01617233
DEBUG - Updated level with delta: 0.016797491
DEBUG - Updated level with delta: 0.016546175
DEBUG - Updated level with delta: 0.016742371
DEBUG - Updated level with delta: 0.016720393
DEBUG - Updated level with delta: 0.016285439
DEBUG - Updated level with delta: 0.016613313
DEBUG - Updated level with delta: 0.016119701
DEBUG - Updated level with delta: 0.016544695
DEBUG - Updated level with delta: 0.016946719
DEBUG - Updated level with delta: 0.016397777
DEBUG - Updated level with delta: 0.016715082
DEBUG - Updated level with delta: 0.01684089
DEBUG - Updated level with delta: 0.016612914
DEBUG - Updated level with delta: 0.016548235
DEBUG - Updated level with delta: 0.016674083
DEBUG - Updated level with delta: 0.016697712
DEBUG - Updated level with delta: 0.016686873
DEBUG - Updated level with delta: 0.016662213
DEBUG - Updated level with delta: 0.016719452
DEBUG - Updated level with delta: 0.016537885
DEBUG - Updated level with delta: 0.016907149
DEBUG - Updated level with delta: 0.016552235
DEBUG - Updated level with delta: 0.016592774
DEBUG - Updated level with delta: 0.016113241
DEBUG - Updated level with delta: 0.016273509
DEBUG - Updated level with delta: 0.015943283
DEBUG - Updated level with delta: 0.016764022
DEBUG - Updated level with delta: 0.016251169
DEBUG - Updated level with delta: 0.016746162
DEBUG - Updated level with delta: 0.016608944
DEBUG - Updated level with delta: 0.017398282
DEBUG - Updated level with delta: 0.016010103
DEBUG - Updated level with delta: 0.016636653
DEBUG - Updated level with delta: 0.016729312
DEBUG - Updated level with delta: 0.016970079
DEBUG - Updated level with delta: 0.017118076
DEBUG - Updated level with delta: 0.016315298
DEBUG - Updated level with delta: 0.01685483
DEBUG - Updated level with delta: 0.016771842
DEBUG - Updated level with delta: 0.016081402
DEBUG - Updated level with delta: 0.016518536
DEBUG - Updated level with delta: 0.016695943
DEBUG - Updated level with delta: 0.016806371
DEBUG - Updated level with delta: 0.016587155
DEBUG - Updated level with delta: 0.016646414
DEBUG - Updated level with delta: 0.016836181
DEBUG - Updated level with delta: 0.016523165
DEBUG - Updated level with delta: 0.016634444
DEBUG - Updated level with delta: 0.017746977
DEBUG - Updated level with delta: 0.01625586
DEBUG - Updated level with delta: 0.016985279
DEBUG - Updated level with delta: 0.016444457
DEBUG - Updated level with delta: 0.016378037
DEBUG - Updated level with delta: 0.016656554
DEBUG - Updated level with delta: 0.016337828
DEBUG - Updated level with delta: 0.017037188
DEBUG - Updated level with delta: 0.016282869
DEBUG - Updated level with delta: 0.017628211
DEBUG - Updated level with delta: 0.016085971
DEBUG - Updated level with delta: 0.016269639
DEBUG - Updated level with delta: 0.017105947
DEBUG - Updated level with delta: 0.016738312
DEBUG - Updated level with delta: 0.016890531
DEBUG - Updated level with delta: 0.016444816
DEBUG - Updated level with delta: 0.01624769
DEBUG - Updated level with delta: 0.016572925
DEBUG - Updated level with delta: 0.016834711
DEBUG - Updated level with delta: 0.016570235
DEBUG - Updated level with delta: 0.016725663
DEBUG - Updated level with delta: 0.016587785
DEBUG - Updated level with delta: 0.016740622
DEBUG - Updated level with delta: 0.016689173
DEBUG - Updated level with delta: 0.016700783
DEBUG - Updated level with delta: 0.016666524
DEBUG - Updated level with delta: 0.016589774
DEBUG - Updated level with delta: 0.017438102
DEBUG - Updated level with delta: 0.017028088
DEBUG - Updated level with delta: 0.016739492
DEBUG - Updated level with delta: 0.016760752
DEBUG - Updated level with delta: 0.016214821
DEBUG - Updated level with delta: 0.017008509
DEBUG - Updated level with delta: 0.016688932
DEBUG - Updated level with delta: 0.016038084
DEBUG - Updated level with delta: 0.01617625
DEBUG - Updated level with delta: 0.017245844
DEBUG - Updated level with delta: 0.016208132
DEBUG - Updated level with delta: 0.016610113
DEBUG - Updated level with delta: 0.016687173
DEBUG - Updated level with delta: 0.016736112
DEBUG - Updated level with delta: 0.016552595
DEBUG - Updated level with delta: 0.016873391
DEBUG - Updated level with delta: 0.017517461
DEBUG - Updated level with delta: 0.016845241
DEBUG - Updated level with delta: 0.016625033
DEBUG - Updated level with delta: 0.016592455
DEBUG - Updated level with delta: 0.016271149
DEBUG - Updated level with delta: 0.017026668
DEBUG - Updated level with delta: 0.016858511
DEBUG - Updated level with delta: 0.016055133
DEBUG - Updated level with delta: 0.016385348
DEBUG - Updated level with delta: 0.016363819
DEBUG - Updated level with delta: 0.017269015
DEBUG - Updated level with delta: 0.016120402
DEBUG - Updated level with delta: 0.016614175
DEBUG - Updated level with delta: 0.017796816
DEBUG - Updated level with delta: 0.016224521
DEBUG - Updated level with delta: 0.016045183
DEBUG - Updated level with delta: 0.016610175
DEBUG - Updated level with delta: 0.017870837
DEBUG - Updated level with delta: 0.016631993
DEBUG - Updated level with delta: 0.01698865
DEBUG - Updated level with delta: 0.016291889
DEBUG - Updated level with delta: 0.016118832
DEBUG - Updated level with delta: 0.016982469
DEBUG - Updated level with delta: 0.017031119
DEBUG - Updated level with delta: 0.016592175
DEBUG - Updated level with delta: 0.016744473
DEBUG - Updated level with delta: 0.0162351
DEBUG - Updated level with delta: 0.015983174
DEBUG - Updated level with delta: 0.016668164
DEBUG - Updated level with delta: 0.016714313
DEBUG - Updated level with delta: 0.016630144
DEBUG - Updated level with delta: 0.016720513
DEBUG - Updated level with delta: 0.016746713
DEBUG - Updated level with delta: 0.017273555
DEBUG - Updated level with delta: 0.016437377
DEBUG - Updated level with delta: 0.016243221
DEBUG - Updated level with delta: 0.016638204
DEBUG - Updated level with delta: 0.016699433
DEBUG - Updated level with delta: 0.016587135
DEBUG - Updated level with delta: 0.01709212
DEBUG - Updated level with delta: 0.016565204
DEBUG - Updated level with delta: 0.017179715
DEBUG - Updated level with delta: 0.016205491
DEBUG - Updated level with delta: 0.016484367
DEBUG - Updated level with delta: 0.016561765
DEBUG - Updated level with delta: 0.017069319
DEBUG - Updated level with delta: 0.016825321
DEBUG - Updated level with delta: 0.016608615
DEBUG - Updated level with delta: 0.01623156
DEBUG - Updated level with delta: 0.016742863
DEBUG - Updated level with delta: 0.016722013
DEBUG - Updated level with delta: 0.017323594
DEBUG - Updated level with delta: 0.01627256
DEBUG - Updated level with delta: 0.016772663
DEBUG - Updated level with delta: 0.016527877
DEBUG - Updated level with delta: 0.016346447
DEBUG - Updated level with delta: 0.016752273
DEBUG - Updated level with delta: 0.016959319
DEBUG - Updated level with delta: 0.017301524
DEBUG - Updated level with delta: 0.016328209
DEBUG - Updated level with delta: 0.016079843
DEBUG - Updated level with delta: 0.016554596
DEBUG - Updated level with delta: 0.016775112
DEBUG - Updated level with delta: 0.016701213
DEBUG - Updated level with delta: 0.017455052
DEBUG - Updated level with delta: 0.015976205
DEBUG - Updated level with delta: 0.017139576
DEBUG - Updated level with delta: 0.016617705
DEBUG - Updated level with delta: 0.016122073
DEBUG - Updated level with delta: 0.0176773
DEBUG - Updated level with delta: 0.016005433
DEBUG - Updated level with delta: 0.017441233
DEBUG - Updated level with delta: 0.01694442
DEBUG - Updated level with delta: 0.016750153
DEBUG - Updated level with delta: 0.016792372
DEBUG - Updated level with delta: 0.016174942
DEBUG - Updated level with delta: 0.016693224
DEBUG - Updated level with delta: 0.016753953
DEBUG - Updated level with delta: 0.016573036
DEBUG - Updated level with delta: 0.016689904
DEBUG - Updated level with delta: 0.016688824
DEBUG - Updated level with delta: 0.016640315
DEBUG - Updated level with delta: 0.016801002
DEBUG - Updated level with delta: 0.01700396
DEBUG - Updated level with delta: 0.016063803
DEBUG - Updated level with delta: 0.016028714
DEBUG - Updated level with delta: 0.016695174
DEBUG - Updated level with delta: 0.016601026
DEBUG - Updated level with delta: 0.016501426
DEBUG - Updated level with delta: 0.017723239
DEBUG - Updated level with delta: 0.016678804
DEBUG - Updated level with delta: 0.016696624
DEBUG - Updated level with delta: 0.016516496
DEBUG - Updated level with delta: 0.016415078
DEBUG - Updated level with delta: 0.016917941
DEBUG - Updated level with delta: 0.016537425
DEBUG - Updated level with delta: 0.016411989
DEBUG - Updated level with delta: 0.016184351
DEBUG - Updated level with delta: 0.017060269
DEBUG - Updated level with delta: 0.016660814
DEBUG - Updated level with delta: 0.01626888
DEBUG - Updated level with delta: 0.016840582
DEBUG - Updated level with delta: 0.016560397
DEBUG - Updated level with delta: 0.016611714
DEBUG - Updated level with delta: 0.017272206
DEBUG - Updated level with delta: 0.016155782
DEBUG - Updated level with delta: 0.016682054
DEBUG - Updated level with delta: 0.016685384
DEBUG - Updated level with delta: 0.016856472
DEBUG - Updated level with delta: 0.016557816
DEBUG - Updated level with delta: 0.016834962
DEBUG - Updated level with delta: 0.016294009
DEBUG - Updated level with delta: 0.016744674
DEBUG - Updated level with delta: 0.016739063
DEBUG - Updated level with delta: 0.017315115
DEBUG - Updated level with delta: 0.015992914
DEBUG - Updated level with delta: 0.01700246
DEBUG - Updated level with delta: 0.017379314
DEBUG - Updated level with delta: 0.016612725
DEBUG - Updated level with delta: 0.016311889
DEBUG - Updated level with delta: 0.016635325
DEBUG - Updated level with delta: 0.016860542
DEBUG - Updated level with delta: 0.01621721
DEBUG - Updated level with delta: 0.016905611
DEBUG - Updated level with delta: 0.016056123
DEBUG - Updated level with delta: 0.016740494
DEBUG - Updated level with delta: 0.017140247
DEBUG - Updated level with delta: 0.016640266
DEBUG - Updated level with delta: 0.016195472
DEBUG - Updated level with delta: 0.017481912
DEBUG - Updated level with delta: 0.015954155
DEBUG - Updated level with delta: 0.016731414
DEBUG - Updated level with delta: 0.01712467
DEBUG - Updated level with delta: 0.016120572
DEBUG - Updated level with delta: 0.017502182
DEBUG - Updated level with delta: 0.016226301
DEBUG - Updated level with delta: 0.016291191
DEBUG - Updated level with delta: 0.017002589
DEBUG - Updated level with delta: 0.016413789
DEBUG - Updated level with delta: 0.016706644
DEBUG - Updated level with delta: 0.016551477
DEBUG - Updated level with delta: 0.016663285
DEBUG - Updated level with delta: 0.016706694
DEBUG - Updated level with delta: 0.016678744
DEBUG - Updated level with delta: 0.017264825
DEBUG - Updated level with delta: 0.016715586
DEBUG - Updated level with delta: 0.016043163
DEBUG - Updated level with delta: 0.017605351
DEBUG - Updated level with delta: 0.01703284
DEBUG - Updated level with delta: 0.016523216
DEBUG - Updated level with delta: 0.016615206
DEBUG - Updated level with delta: 0.016651105
DEBUG - Updated level with delta: 0.016559776
DEBUG - Updated level with delta: 0.016828842
DEBUG - Updated level with delta: 0.016656905
DEBUG - Updated level with delta: 0.016075303
DEBUG - Updated level with delta: 0.016874142
DEBUG - Updated level with delta: 0.016059823
DEBUG - Updated level with delta: 0.016943551
DEBUG - Updated level with delta: 0.017513221
DEBUG - Updated level with delta: 0.016570398
DEBUG - Updated level with delta: 0.016701114
DEBUG - Updated level with delta: 0.016582386
DEBUG - Updated level with delta: 0.016052834
DEBUG - Updated level with delta: 0.01630029
DEBUG - Updated level with delta: 0.016690304
DEBUG - Updated level with delta: 0.016728375
DEBUG - Updated level with delta: 0.016627685
DEBUG - Updated level with delta: 0.024038116
DEBUG - Updated level with delta: 0.01628813
DEBUG - Updated level with delta: 0.016712665
DEBUG - Updated level with delta: 0.016435098
DEBUG - Updated level with delta: 0.016715274
DEBUG - Updated level with delta: 0.016564346
DEBUG - Updated level with delta: 0.016955241
DEBUG - Updated level with delta: 0.01699487
DEBUG - Updated level with delta: 0.01630664
DEBUG - Updated level with delta: 0.016697424
DEBUG - Updated level with delta: 0.016582376
DEBUG - Updated level with delta: 0.016791783
DEBUG - Updated level with delta: 0.016674665
DEBUG - Updated level with delta: 0.016660875
DEBUG - Updated level with delta: 0.016626204
DEBUG - Updated level with delta: 0.016735865
DEBUG - Updated level with delta: 0.016172952
DEBUG - Updated level with delta: 0.016757373
DEBUG - Updated level with delta: 0.016434008
DEBUG - Updated level with delta: 0.016114154
DEBUG - Updated level with delta: 0.016269261
DEBUG - Updated level with delta: 0.01633792
DEBUG - Updated level with delta: 0.016494997
DEBUG - Updated level with delta: 0.016593976
DEBUG - Updated level with delta: 0.016968631
DEBUG - Updated level with delta: 0.016668335
DEBUG - Updated level with delta: 0.016693465
DEBUG - Updated level with delta: 0.016737844
DEBUG - Updated level with delta: 0.016524177
DEBUG - Updated level with delta: 0.01702423
DEBUG - Updated level with delta: 0.01705253
DEBUG - Updated level with delta: 0.01637144
DEBUG - Updated level with delta: 0.016284281
DEBUG - Updated level with delta: 0.016076354
DEBUG - Updated level with delta: 0.016157172
DEBUG - Updated level with delta: 0.016806123
DEBUG - Updated level with delta: 0.016640756
DEBUG - Updated level with delta: 0.016672626
DEBUG - Updated level with delta: 0.01632465
DEBUG - Updated level with delta: 0.016098554
DEBUG - Updated level with delta: 0.016226172
DEBUG - Updated level with delta: 0.017040609
DEBUG - Updated level with delta: 0.016236932
DEBUG - Updated level with delta: 0.016106694
DEBUG - Updated level with delta: 0.016754674
DEBUG - Updated level with delta: 0.016589546
DEBUG - Updated level with delta: 0.016928661
DEBUG - Updated level with delta: 0.016497528
DEBUG - Updated level with delta: 0.016618086
DEBUG - Updated level with delta: 0.016674625
DEBUG - Updated level with delta: 0.016729365
DEBUG - Updated level with delta: 0.01637478
DEBUG - Updated level with delta: 0.01626155
DEBUG - Updated level with delta: 0.016085274
DEBUG - Updated level with delta: 0.016941831
DEBUG - Updated level with delta: 0.016742954
DEBUG - Updated level with delta: 0.016425618
DEBUG - Updated level with delta: 0.01702385
DEBUG - Updated level with delta: 0.016442849
DEBUG - Updated level with delta: 0.016944301
DEBUG - Updated level with delta: 0.016454229
DEBUG - Updated level with delta: 0.016668535
DEBUG - Updated level with delta: 0.01703868
DEBUG - Updated level with delta: 0.016739525
DEBUG - Updated level with delta: 0.01627548
DEBUG - Updated level with delta: 0.016738934
DEBUG - Updated level with delta: 0.016528497
DEBUG - Updated level with delta: 0.016778064
DEBUG - Updated level with delta: 0.016054264
DEBUG - Updated level with delta: 0.016228422
DEBUG - Updated level with delta: 0.016619936
DEBUG - Updated level with delta: 0.016707404
DEBUG - Updated level with delta: 0.016617787
DEBUG - Updated level with delta: 0.016664595
DEBUG - Updated level with delta: 0.016632905
DEBUG - Updated level with delta: 0.016726245
DEBUG - Updated level with delta: 0.016662565
DEBUG - Updated level with delta: 0.017351276
DEBUG - Updated level with delta: 0.016565165
DEBUG - Updated level with delta: 0.016119694
DEBUG - Updated level with delta: 0.016775295
DEBUG - Updated level with delta: 0.016995141
DEBUG - Updated level with delta: 0.01632252
DEBUG - Updated level with delta: 0.016647946
DEBUG - Updated level with delta: 0.016630776
DEBUG - Updated level with delta: 0.016635527
DEBUG - Updated level with delta: 0.016744824
DEBUG - Updated level with delta: 0.016703526
DEBUG - Updated level with delta: 0.01697528
DEBUG - Updated level with delta: 0.017400415
DEBUG - Updated level with delta: 0.01634109
DEBUG - Updated level with delta: 0.015932657
DEBUG - Updated level with delta: 0.01694586
DEBUG - Updated level with delta: 0.016577668
DEBUG - Updated level with delta: 0.016454679
DEBUG - Updated level with delta: 0.016678755
DEBUG - Updated level with delta: 0.016670535
DEBUG - Updated level with delta: 0.016683976
DEBUG - Updated level with delta: 0.016625556
DEBUG - Updated level with delta: 0.016707065
DEBUG - Updated level with delta: 0.016711025
DEBUG - Updated level with delta: 0.016663846
DEBUG - Updated level with delta: 0.017251567
DEBUG - Updated level with delta: 0.016100964
DEBUG - Updated level with delta: 0.017249287
DEBUG - Updated level with delta: 0.01642452
DEBUG - Updated level with delta: 0.016424459
DEBUG - Updated level with delta: 0.016633366
DEBUG - Updated level with delta: 0.016594117
DEBUG - Updated level with delta: 0.016716104
DEBUG - Updated level with delta: 0.017573873
DEBUG - Updated level with delta: 0.01637787
DEBUG - Updated level with delta: 0.016084784
DEBUG - Updated level with delta: 0.016947701
DEBUG - Updated level with delta: 0.017075339
DEBUG - Updated level with delta: 0.015981927
DEBUG - Updated level with delta: 0.016713444
DEBUG - Updated level with delta: 0.016616027
DEBUG - Updated level with delta: 0.016783914
DEBUG - Updated level with delta: 0.016655975
DEBUG - Updated level with delta: 0.016686916
DEBUG - Updated level with delta: 0.016623036
DEBUG - Updated level with delta: 0.016671855
DEBUG - Updated level with delta: 0.017445504
DEBUG - Updated level with delta: 0.016139873
DEBUG - Updated level with delta: 0.016777144
DEBUG - Updated level with delta: 0.0163289
DEBUG - Updated level with delta: 0.016634646
DEBUG - Updated level with delta: 0.016684876
DEBUG - Updated level with delta: 0.017600991
DEBUG - Updated level with delta: 0.016875474
DEBUG - Updated level with delta: 0.016032435
DEBUG - Updated level with delta: 0.016962441
DEBUG - Updated level with delta: 0.016136914
DEBUG - Updated level with delta: 0.016467328
DEBUG - Updated level with delta: 0.016698365
DEBUG - Updated level with delta: 0.017303666
DEBUG - Updated level with delta: 0.01641305
DEBUG - Updated level with delta: 0.016291332
DEBUG - Updated level with delta: 0.01699869
DEBUG - Updated level with delta: 0.016673466
DEBUG - Updated level with delta: 0.01715656
DEBUG - Updated level with delta: 0.016024404
DEBUG - Updated level with delta: 0.017723832
DEBUG - Updated level with delta: 0.016538167
DEBUG - Updated level with delta: 0.016334012
DEBUG - Updated level with delta: 0.017005511
DEBUG - Updated level with delta: 0.016666266
DEBUG - Updated level with delta: 0.016868643
DEBUG - Updated level with delta: 0.016148764
DEBUG - Updated level with delta: 0.016929122
DEBUG - Updated level with delta: 0.016731845
DEBUG - Updated level with delta: 0.016666946
DEBUG - Updated level with delta: 0.016497458
DEBUG - Updated level with delta: 0.016952793
DEBUG - Updated level with delta: 0.016048834
DEBUG - Updated level with delta: 0.016107955
DEBUG - Updated level with delta: 0.017444834
DEBUG - Updated level with delta: 0.016250423
DEBUG - Updated level with delta: 0.016883403
DEBUG - Updated level with delta: 0.016114393
DEBUG - Updated level with delta: 0.016780405
DEBUG - Updated level with delta: 0.016612247
DEBUG - Updated level with delta: 0.016664006
DEBUG - Updated level with delta: 0.017617552
DEBUG - Updated level with delta: 0.016396871
DEBUG - Updated level with delta: 0.016073315
DEBUG - Updated level with delta: 0.016702295
DEBUG - Updated level with delta: 0.016911982
DEBUG - Updated level with delta: 0.016639097
DEBUG - Updated level with delta: 0.016545928
DEBUG - Updated level with delta: 0.016573447
DEBUG - Updated level with delta: 0.016709836
DEBUG - Updated level with delta: 0.017507693
DEBUG - Updated level with delta: 0.015941577
DEBUG - Updated level with delta: 0.016542838
DEBUG - Updated level with delta: 0.016628087
DEBUG - Updated level with delta: 0.016695216
DEBUG - Updated level with delta: 0.016687526
DEBUG - Updated level with delta: 0.016742675
DEBUG - Updated level with delta: 0.016573707
DEBUG - Updated level with delta: 0.016984692
DEBUG - Updated level with delta: 0.016686726
DEBUG - Updated level with delta: 0.016530388
DEBUG - Updated level with delta: 0.016548597
DEBUG - Updated level with delta: 0.016809674
DEBUG - Updated level with delta: 0.017276787
DEBUG - Updated level with delta: 0.016995232
DEBUG - Updated level with delta: 0.016707155
DEBUG - Updated level with delta: 0.016611867
DEBUG - Updated level with delta: 0.016973482
DEBUG - Updated level with delta: 0.016029584
DEBUG - Updated level with delta: 0.016156334
DEBUG - Updated level with delta: 0.016477359
DEBUG - Updated level with delta: 0.017569414
DEBUG - Updated level with delta: 0.016783794
DEBUG - Updated level with delta: 0.016734055
DEBUG - Updated level with delta: 0.016820064
DEBUG - Updated level with delta: 0.016123154
DEBUG - Updated level with delta: 0.016279522
DEBUG - Updated level with delta: 0.016320842
DEBUG - Updated level with delta: 0.017364615
DEBUG - Updated level with delta: 0.016073266
DEBUG - Updated level with delta: 0.017658953
DEBUG - Updated level with delta: 0.015986996
DEBUG - Updated level with delta: 0.016381871
DEBUG - Updated level with delta: 0.016706086
DEBUG - Updated level with delta: 0.017261558
DEBUG - Updated level with delta: 0.016148074
DEBUG - Updated level with delta: 0.016627017
DEBUG - Updated level with delta: 0.016666997
DEBUG - Updated level with delta: 0.016594468
DEBUG - Updated level with delta: 0.017581753
DEBUG - Updated level with delta: 0.016833474
DEBUG - Updated level with delta: 0.015984947
DEBUG - Updated level with delta: 0.016697326
DEBUG - Updated level with delta: 0.016887873
DEBUG - Updated level with delta: 0.016101655
DEBUG - Updated level with delta: 0.01698427
DEBUG - Updated level with delta: 0.017265969
DEBUG - Updated level with delta: 0.016245213
DEBUG - Updated level with delta: 0.017088311
DEBUG - Updated level with delta: 0.016843414
DEBUG - Updated level with delta: 0.016638366
DEBUG - Updated level with delta: 0.016792916
DEBUG - Updated level with delta: 0.016150154
DEBUG - Updated level with delta: 0.016003836
DEBUG - Updated level with delta: 0.016765324
DEBUG - Updated level with delta: 0.017528695
DEBUG - Updated level with delta: 0.016855133
DEBUG - Updated level with delta: 0.016649817
DEBUG - Updated level with delta: 0.016564288
DEBUG - Updated level with delta: 0.016716956
DEBUG - Updated level with delta: 0.016317992
DEBUG - Updated level with delta: 0.016967402
DEBUG - Updated level with delta: 0.015990956
DEBUG - Updated level with delta: 0.016385121
DEBUG - Updated level with delta: 0.016792135
DEBUG - Updated level with delta: 0.016559958
DEBUG - Updated level with delta: 0.016721556
DEBUG - Updated level with delta: 0.016717176
DEBUG - Updated level with delta: 0.016602787
DEBUG - Updated level with delta: 0.016685486
DEBUG - Updated level with delta: 0.016723366
DEBUG - Updated level with delta: 0.016656657
DEBUG - Updated level with delta: 0.0171191
DEBUG - Updated level with delta: 0.016237803
DEBUG - Updated level with delta: 0.016678636
DEBUG - Updated level with delta: 0.016688187
DEBUG - Updated level with delta: 0.016821904
DEBUG - Updated level with delta: 0.01646759
DEBUG - Updated level with delta: 0.016842044
DEBUG - Updated level with delta: 0.016527838
DEBUG - Updated level with delta: 0.016654747
DEBUG - Updated level with delta: 0.016708446
DEBUG - Updated level with delta: 0.016674876
DEBUG - Updated level with delta: 0.016627537
DEBUG - Updated level with delta: 0.016698427
DEBUG - Updated level with delta: 0.017660572
DEBUG - Updated level with delta: 0.016230363
DEBUG - Updated level with delta: 0.016162075
DEBUG - Updated level with delta: 0.016819585
DEBUG - Updated level with delta: 0.017209699
DEBUG - Updated level with delta: 0.01644763
DEBUG - Updated level with delta: 0.016236533
DEBUG - Updated level with delta: 0.016659177
DEBUG - Updated level with delta: 0.016636908
DEBUG - Updated level with delta: 0.016700216
DEBUG - Updated level with delta: 0.016667067
DEBUG - Updated level with delta: 0.016624018
DEBUG - Updated level with delta: 0.016647717
DEBUG - Updated level with delta: 0.01718313
DEBUG - Updated level with delta: 0.016305962
DEBUG - Updated level with delta: 0.016609428
DEBUG - Updated level with delta: 0.016626748
DEBUG - Updated level with delta: 0.016726816
DEBUG - Updated level with delta: 0.017599053
DEBUG - Updated level with delta: 0.016790235
DEBUG - Updated level with delta: 0.016687617
DEBUG - Updated level with delta: 0.016544629
DEBUG - Updated level with delta: 0.016108885
DEBUG - Updated level with delta: 0.01713778
DEBUG - Updated level with delta: 0.016155925
DEBUG - Updated level with delta: 0.016948043
DEBUG - Updated level with delta: 0.016614247
DEBUG - Updated level with delta: 0.016105406
DEBUG - Updated level with delta: 0.016601118
DEBUG - Updated level with delta: 0.016761326
DEBUG - Updated level with delta: 0.016659047
DEBUG - Updated level with delta: 0.017220059
DEBUG - Updated level with delta: 0.016102445
DEBUG - Updated level with delta: 0.017688072
DEBUG - Updated level with delta: 0.016073136
DEBUG - Updated level with delta: 0.016489839
DEBUG - Updated level with delta: 0.017060752
DEBUG - Updated level with delta: 0.016067575
DEBUG - Updated level with delta: 0.017305708
DEBUG - Updated level with delta: 0.016204844
DEBUG - Updated level with delta: 0.016604068
DEBUG - Updated level with delta: 0.016762575
DEBUG - Updated level with delta: 0.016571659
DEBUG - Updated level with delta: 0.017567114
DEBUG - Updated level with delta: 0.016206113
DEBUG - Updated level with delta: 0.016182845
DEBUG - Updated level with delta: 0.016667497
DEBUG - Updated level with delta: 0.016745655
DEBUG - Updated level with delta: 0.016629878
DEBUG - Updated level with delta: 0.016684927
DEBUG - Updated level with delta: 0.016669217
DEBUG - Updated level with delta: 0.016747985
DEBUG - Updated level with delta: 0.016938624
DEBUG - Updated level with delta: 0.016512889
DEBUG - Updated level with delta: 0.016698667
DEBUG - Updated level with delta: 0.017414056
DEBUG - Updated level with delta: 0.016032796
DEBUG - Updated level with delta: 0.01643091
DEBUG - Updated level with delta: 0.016663447
DEBUG - Updated level with delta: 0.016784406
DEBUG - Updated level with delta: 0.016542689
DEBUG - Updated level with delta: 0.016698017
DEBUG - Updated level with delta: 0.016687027
DEBUG - Updated level with delta: 0.016696677
DEBUG - Updated level with delta: 0.017253009
DEBUG - Updated level with delta: 0.016092156
DEBUG - Updated level with delta: 0.017249759
DEBUG - Updated level with delta: 0.016877304
DEBUG - Updated level with delta: 0.016256684
DEBUG - Updated level with delta: 0.016986702
DEBUG - Updated level with delta: 0.016924745
DEBUG - Updated level with delta: 0.016751067
DEBUG - Updated level with delta: 0.016671917
DEBUG - Updated level with delta: 0.016665567
DEBUG - Updated level with delta: 0.016715316
DEBUG - Updated level with delta: 0.016615039
DEBUG - Updated level with delta: 0.016688307
DEBUG - Updated level with delta: 0.016293953
DEBUG - Updated level with delta: 0.016063816
DEBUG - Updated level with delta: 0.016579399
DEBUG - Updated level with delta: 0.016690827
DEBUG - Updated level with delta: 0.016818855
DEBUG - Updated level with delta: 0.016451821
DEBUG - Updated level with delta: 0.016728276
DEBUG - Updated level with delta: 0.016712297
DEBUG - Updated level with delta: 0.016635568
DEBUG - Updated level with delta: 0.017359068
DEBUG - Updated level with delta: 0.016033996
DEBUG - Updated level with delta: 0.017323918
INFO - Level 1 finished by Ales in 22244 ms
DEBUG - Updated level with delta: 0.016800455
INFO - Game is starting...
INFO - Level 1 initialized
INFO - Loaded level 1
INFO - Level 1 updated with delta: 0.025091281
DEBUG - Updated level with delta: 0.025091281
INFO - Level 1 updated with delta: 0.055796673
DEBUG - Updated level with delta: 0.055796673
INFO - Level 1 updated with delta: 0.010020642
DEBUG - Updated level with delta: 0.010020642
INFO - Level 1 updated with delta: 0.014852571
DEBUG - Updated level with delta: 0.014852571
INFO - Level 1 updated with delta: 0.001512156
DEBUG - Updated level with delta: 0.001512156
INFO - Level 1 updated with delta: 0.016304568
DEBUG - Updated level with delta: 0.016304568
INFO - Level 1 updated with delta: 0.016435557
DEBUG - Updated level with delta: 0.016435557
INFO - Level 1 updated with delta: 0.016394787
DEBUG - Updated level with delta: 0.016394787
INFO - Level 1 updated with delta: 0.016498666
DEBUG - Updated level with delta: 0.016498666
INFO - Level 1 updated with delta: 0.016380587
DEBUG - Updated level with delta: 0.016380587
INFO - Level 1 updated with delta: 0.016215988
DEBUG - Updated level with delta: 0.016215988
INFO - Level 1 updated with delta: 0.016812253
DEBUG - Updated level with delta: 0.016812253
INFO - Level 1 updated with delta: 0.016582266
DEBUG - Updated level with delta: 0.016582266
INFO - Level 1 updated with delta: 0.016770713
DEBUG - Updated level with delta: 0.016770713
INFO - Level 1 updated with delta: 0.016479656
DEBUG - Updated level with delta: 0.016479656
INFO - Level 1 updated with delta: 0.017378359
DEBUG - Updated level with delta: 0.017378359
INFO - Level 1 updated with delta: 0.016919112
DEBUG - Updated level with delta: 0.016919112
INFO - Level 1 updated with delta: 0.016463926
DEBUG - Updated level with delta: 0.016463926
INFO - Level 1 updated with delta: 0.016899343
DEBUG - Updated level with delta: 0.016899343
INFO - Level 1 updated with delta: 0.016937902
DEBUG - Updated level with delta: 0.016937902
INFO - Level 1 updated with delta: 0.016290878
DEBUG - Updated level with delta: 0.016290878
INFO - Level 1 updated with delta: 0.016197178
DEBUG - Updated level with delta: 0.016197178
INFO - Level 1 updated with delta: 0.016258379
DEBUG - Updated level with delta: 0.016258379
INFO - Level 1 updated with delta: 0.016554795
DEBUG - Updated level with delta: 0.016554795
INFO - Level 1 updated with delta: 0.016695364
DEBUG - Updated level with delta: 0.016695364
INFO - Level 1 updated with delta: 0.016645385
DEBUG - Updated level with delta: 0.016645385
INFO - Level 1 updated with delta: 0.016679874
DEBUG - Updated level with delta: 0.016679874
INFO - Level 1 updated with delta: 0.016735114
DEBUG - Updated level with delta: 0.016735114
INFO - Level 1 updated with delta: 0.016730754
DEBUG - Updated level with delta: 0.016730754
INFO - Level 1 updated with delta: 0.017453698
DEBUG - Updated level with delta: 0.017453698
INFO - Level 1 updated with delta: 0.016305217
DEBUG - Updated level with delta: 0.016305217
INFO - Level 1 updated with delta: 0.0160801
DEBUG - Updated level with delta: 0.0160801
INFO - Level 1 updated with delta: 0.016696714
DEBUG - Updated level with delta: 0.016696714
INFO - Level 1 updated with delta: 0.016697394
DEBUG - Updated level with delta: 0.016697394
INFO - Level 1 updated with delta: 0.016718214
DEBUG - Updated level with delta: 0.016718214
INFO - Level 1 updated with delta: 0.016643275
DEBUG - Updated level with delta: 0.016643275
INFO - Level 1 updated with delta: 0.016656775
DEBUG - Updated level with delta: 0.016656775
INFO - Level 1 updated with delta: 0.016715894
DEBUG - Updated level with delta: 0.016715894
INFO - Level 1 updated with delta: 0.01725659
DEBUG - Updated level with delta: 0.01725659
INFO - Level 1 updated with delta: 0.016172338
DEBUG - Updated level with delta: 0.016172338
INFO - Level 1 updated with delta: 0.016781604
DEBUG - Updated level with delta: 0.016781604
INFO - Level 1 updated with delta: 0.017623546
DEBUG - Updated level with delta: 0.017623546
INFO - Level 1 updated with delta: 0.016281418
DEBUG - Updated level with delta: 0.016281418
INFO - Level 1 updated with delta: 0.017060881
DEBUG - Updated level with delta: 0.017060881
INFO - Level 1 updated with delta: 0.015967741
DEBUG - Updated level with delta: 0.015967741
INFO - Level 1 updated with delta: 0.016291398
DEBUG - Updated level with delta: 0.016291398
INFO - Level 1 updated with delta: 0.017063001
DEBUG - Updated level with delta: 0.017063001
INFO - Level 1 updated with delta: 0.016220998
DEBUG - Updated level with delta: 0.016220998
INFO - Level 1 updated with delta: 0.016598635
DEBUG - Updated level with delta: 0.016598635
INFO - Level 1 updated with delta: 0.01720289
DEBUG - Updated level with delta: 0.01720289
INFO - Level 1 updated with delta: 0.016305048
DEBUG - Updated level with delta: 0.016305048
INFO - Level 1 updated with delta: 0.016621545
DEBUG - Updated level with delta: 0.016621545
INFO - Level 1 updated with delta: 0.016666334
DEBUG - Updated level with delta: 0.016666334
INFO - Level 1 updated with delta: 0.017079621
DEBUG - Updated level with delta: 0.017079621
INFO - Level 1 updated with delta: 0.016297768
DEBUG - Updated level with delta: 0.016297768
INFO - Level 1 updated with delta: 0.01728492
DEBUG - Updated level with delta: 0.01728492
INFO - Level 1 updated with delta: 0.016174009
DEBUG - Updated level with delta: 0.016174009
INFO - Level 1 updated with delta: 0.017472677
DEBUG - Updated level with delta: 0.017472677
INFO - Level 1 updated with delta: 0.016789844
DEBUG - Updated level with delta: 0.016789844
INFO - Level 1 updated with delta: 0.016656295
DEBUG - Updated level with delta: 0.016656295
INFO - Level 1 updated with delta: 0.016533416
DEBUG - Updated level with delta: 0.016533416
INFO - Level 1 updated with delta: 0.016826983
DEBUG - Updated level with delta: 0.016826983
INFO - Level 1 updated with delta: 0.016758615
DEBUG - Updated level with delta: 0.016758615
INFO - Level 1 updated with delta: 0.016700444
DEBUG - Updated level with delta: 0.016700444
INFO - Level 1 updated with delta: 0.016631225
DEBUG - Updated level with delta: 0.016631225
INFO - Level 1 updated with delta: 0.016720014
DEBUG - Updated level with delta: 0.016720014
INFO - Level 1 updated with delta: 0.016448677
DEBUG - Updated level with delta: 0.016448677
INFO - Level 1 updated with delta: 0.016910553
DEBUG - Updated level with delta: 0.016910553
INFO - Level 1 updated with delta: 0.016616775
DEBUG - Updated level with delta: 0.016616775
INFO - Level 1 updated with delta: 0.016814493
DEBUG - Updated level with delta: 0.016814493
INFO - Level 1 updated with delta: 0.016512066
DEBUG - Updated level with delta: 0.016512066
INFO - Level 1 updated with delta: 0.016760444
DEBUG - Updated level with delta: 0.016760444
INFO - Level 1 updated with delta: 0.016664435
DEBUG - Updated level with delta: 0.016664435
INFO - Level 1 updated with delta: 0.016727284
DEBUG - Updated level with delta: 0.016727284
INFO - Level 1 updated with delta: 0.016547716
DEBUG - Updated level with delta: 0.016547716
INFO - Level 1 updated with delta: 0.016643325
DEBUG - Updated level with delta: 0.016643325
INFO - Level 1 updated with delta: 0.016652715
DEBUG - Updated level with delta: 0.016652715
INFO - Level 1 updated with delta: 0.016684845
DEBUG - Updated level with delta: 0.016684845
INFO - Level 1 updated with delta: 0.016346907
DEBUG - Updated level with delta: 0.016346907
INFO - Level 1 updated with delta: 0.016762934
DEBUG - Updated level with delta: 0.016762934
INFO - Level 1 updated with delta: 0.016820673
DEBUG - Updated level with delta: 0.016820673
INFO - Level 1 updated with delta: 0.016424947
DEBUG - Updated level with delta: 0.016424947
INFO - Level 1 updated with delta: 0.015889912
DEBUG - Updated level with delta: 0.015889912
INFO - Level 1 updated with delta: 0.016830583
DEBUG - Updated level with delta: 0.016830583
INFO - Level 1 updated with delta: 0.016627155
DEBUG - Updated level with delta: 0.016627155
INFO - Level 1 updated with delta: 0.016776853
DEBUG - Updated level with delta: 0.016776853
INFO - Level 1 updated with delta: 0.016608777
DEBUG - Updated level with delta: 0.016608777
INFO - Level 1 updated with delta: 0.017941742
DEBUG - Updated level with delta: 0.017941742
INFO - Level 1 updated with delta: 0.016805364
DEBUG - Updated level with delta: 0.016805364
INFO - Level 1 updated with delta: 0.017016522
DEBUG - Updated level with delta: 0.017016522
INFO - Level 1 updated with delta: 0.01606405
DEBUG - Updated level with delta: 0.01606405
INFO - Level 1 updated with delta: 0.016563876
DEBUG - Updated level with delta: 0.016563876
INFO - Level 1 updated with delta: 0.01608013
DEBUG - Updated level with delta: 0.01608013
INFO - Level 1 updated with delta: 0.016247228
DEBUG - Updated level with delta: 0.016247228
INFO - Level 1 updated with delta: 0.016532876
DEBUG - Updated level with delta: 0.016532876
INFO - Level 1 updated with delta: 0.016728204
DEBUG - Updated level with delta: 0.016728204
INFO - Level 1 updated with delta: 0.016707944
DEBUG - Updated level with delta: 0.016707944
INFO - Level 1 updated with delta: 0.016677345
DEBUG - Updated level with delta: 0.016677345
INFO - Level 1 updated with delta: 0.016524736
DEBUG - Updated level with delta: 0.016524736
INFO - Level 1 updated with delta: 0.016813814
DEBUG - Updated level with delta: 0.016813814
INFO - Level 1 updated with delta: 0.017699666
DEBUG - Updated level with delta: 0.017699666
INFO - Level 1 updated with delta: 0.016624655
DEBUG - Updated level with delta: 0.016624655
INFO - Level 1 updated with delta: 0.016632735
DEBUG - Updated level with delta: 0.016632735
INFO - Level 1 updated with delta: 0.016154439
DEBUG - Updated level with delta: 0.016154439
INFO - Level 1 updated with delta: 0.016982722
DEBUG - Updated level with delta: 0.016982722
INFO - Level 1 updated with delta: 0.016368817
DEBUG - Updated level with delta: 0.016368817
INFO - Level 1 updated with delta: 0.0161323
DEBUG - Updated level with delta: 0.0161323
INFO - Level 1 updated with delta: 0.016707224
DEBUG - Updated level with delta: 0.016707224
INFO - Level 1 updated with delta: 0.016688755
DEBUG - Updated level with delta: 0.016688755
INFO - Level 1 updated with delta: 0.016688194
DEBUG - Updated level with delta: 0.016688194
INFO - Level 1 updated with delta: 0.017750946
DEBUG - Updated level with delta: 0.017750946
INFO - Level 1 updated with delta: 0.01603592
DEBUG - Updated level with delta: 0.01603592
INFO - Level 1 updated with delta: 0.016250899
DEBUG - Updated level with delta: 0.016250899
INFO - Level 1 updated with delta: 0.017000192
DEBUG - Updated level with delta: 0.017000192
INFO - Level 1 updated with delta: 0.016401337
DEBUG - Updated level with delta: 0.016401337
INFO - Level 1 updated with delta: 0.016647375
DEBUG - Updated level with delta: 0.016647375
INFO - Level 1 updated with delta: 0.017164831
DEBUG - Updated level with delta: 0.017164831
INFO - Level 1 updated with delta: 0.016153049
DEBUG - Updated level with delta: 0.016153049
INFO - Level 1 updated with delta: 0.016615246
DEBUG - Updated level with delta: 0.016615246
INFO - Level 1 updated with delta: 0.016637525
DEBUG - Updated level with delta: 0.016637525
INFO - Level 1 updated with delta: 0.016718004
DEBUG - Updated level with delta: 0.016718004
INFO - Level 1 updated with delta: 0.017562438
DEBUG - Updated level with delta: 0.017562438
INFO - Level 1 updated with delta: 0.016862743
DEBUG - Updated level with delta: 0.016862743
INFO - Level 1 updated with delta: 0.016712325
DEBUG - Updated level with delta: 0.016712325
INFO - Level 1 updated with delta: 0.016343177
DEBUG - Updated level with delta: 0.016343177
INFO - Level 1 updated with delta: 0.016663564
DEBUG - Updated level with delta: 0.016663564
INFO - Level 1 updated with delta: 0.015965362
DEBUG - Updated level with delta: 0.015965362
INFO - Level 1 updated with delta: 0.016672165
DEBUG - Updated level with delta: 0.016672165
INFO - Level 1 updated with delta: 0.016616956
DEBUG - Updated level with delta: 0.016616956
INFO - Level 1 updated with delta: 0.016718474
DEBUG - Updated level with delta: 0.016718474
INFO - Level 1 updated with delta: 0.016824004
DEBUG - Updated level with delta: 0.016824004
INFO - Level 1 updated with delta: 0.016442767
DEBUG - Updated level with delta: 0.016442767
INFO - Level 1 updated with delta: 0.016692165
DEBUG - Updated level with delta: 0.016692165
INFO - Level 1 updated with delta: 0.016657465
DEBUG - Updated level with delta: 0.016657465
INFO - Level 1 updated with delta: 0.017478018
DEBUG - Updated level with delta: 0.017478018
INFO - Level 1 updated with delta: 0.016975002
DEBUG - Updated level with delta: 0.016975002
INFO - Level 1 updated with delta: 0.016714095
DEBUG - Updated level with delta: 0.016714095
INFO - Level 1 updated with delta: 0.016633404
DEBUG - Updated level with delta: 0.016633404
INFO - Level 1 updated with delta: 0.016788345
DEBUG - Updated level with delta: 0.016788345
INFO - Level 1 updated with delta: 0.016211089
DEBUG - Updated level with delta: 0.016211089
INFO - Level 1 updated with delta: 0.01600053
DEBUG - Updated level with delta: 0.01600053
INFO - Level 1 updated with delta: 0.016787185
DEBUG - Updated level with delta: 0.016787185
INFO - Level 1 updated with delta: 0.016600165
DEBUG - Updated level with delta: 0.016600165
INFO - Level 1 updated with delta: 0.016752445
DEBUG - Updated level with delta: 0.016752445
INFO - Level 1 updated with delta: 0.016573405
DEBUG - Updated level with delta: 0.016573405
INFO - Level 1 updated with delta: 0.016766155
DEBUG - Updated level with delta: 0.016766155
INFO - Level 1 updated with delta: 0.016480216
DEBUG - Updated level with delta: 0.016480216
INFO - Level 1 updated with delta: 0.016901164
DEBUG - Updated level with delta: 0.016901164
INFO - Level 1 updated with delta: 0.016500466
DEBUG - Updated level with delta: 0.016500466
INFO - Level 1 updated with delta: 0.016658845
DEBUG - Updated level with delta: 0.016658845
INFO - Level 1 updated with delta: 0.016708905
DEBUG - Updated level with delta: 0.016708905
INFO - Level 1 updated with delta: 0.017480379
DEBUG - Updated level with delta: 0.017480379
INFO - Level 1 updated with delta: 0.016892382
DEBUG - Updated level with delta: 0.016892382
INFO - Level 1 updated with delta: 0.016769674
DEBUG - Updated level with delta: 0.016769674
INFO - Level 1 updated with delta: 0.016566737
DEBUG - Updated level with delta: 0.016566737
INFO - Level 1 updated with delta: 0.016702254
DEBUG - Updated level with delta: 0.016702254
INFO - Level 1 updated with delta: 0.016645965
DEBUG - Updated level with delta: 0.016645965
INFO - Level 1 updated with delta: 0.016645085
DEBUG - Updated level with delta: 0.016645085
INFO - Level 1 updated with delta: 0.016729145
DEBUG - Updated level with delta: 0.016729145
INFO - Level 1 updated with delta: 0.016647435
DEBUG - Updated level with delta: 0.016647435
INFO - Level 1 updated with delta: 0.016034851
DEBUG - Updated level with delta: 0.016034851
INFO - Level 1 updated with delta: 0.016236899
DEBUG - Updated level with delta: 0.016236899
INFO - Level 1 updated with delta: 0.016888132
DEBUG - Updated level with delta: 0.016888132
INFO - Level 1 updated with delta: 0.01734169
DEBUG - Updated level with delta: 0.01734169
INFO - Level 1 updated with delta: 0.016604816
DEBUG - Updated level with delta: 0.016604816
INFO - Level 1 updated with delta: 0.015989331
DEBUG - Updated level with delta: 0.015989331
INFO - Level 1 updated with delta: 0.017032421
DEBUG - Updated level with delta: 0.017032421
INFO - Level 1 updated with delta: 0.016256299
DEBUG - Updated level with delta: 0.016256299
INFO - Level 1 updated with delta: 0.016804374
DEBUG - Updated level with delta: 0.016804374
INFO - Level 1 updated with delta: 0.016464647
DEBUG - Updated level with delta: 0.016464647
INFO - Level 1 updated with delta: 0.016725384
DEBUG - Updated level with delta: 0.016725384
INFO - Level 1 updated with delta: 0.016751185
DEBUG - Updated level with delta: 0.016751185
INFO - Level 1 updated with delta: 0.016570595
DEBUG - Updated level with delta: 0.016570595
INFO - Level 1 updated with delta: 0.016848444
DEBUG - Updated level with delta: 0.016848444
INFO - Level 1 updated with delta: 0.016553226
DEBUG - Updated level with delta: 0.016553226
INFO - Level 1 updated with delta: 0.017028982
DEBUG - Updated level with delta: 0.017028982
INFO - Level 1 updated with delta: 0.016284079
DEBUG - Updated level with delta: 0.016284079
INFO - Level 1 updated with delta: 0.016746675
DEBUG - Updated level with delta: 0.016746675
INFO - Level 1 updated with delta: 0.016654055
DEBUG - Updated level with delta: 0.016654055
INFO - Level 1 updated with delta: 0.017401929
DEBUG - Updated level with delta: 0.017401929
INFO - Level 1 updated with delta: 0.015980261
DEBUG - Updated level with delta: 0.015980261
INFO - Level 1 updated with delta: 0.016635896
DEBUG - Updated level with delta: 0.016635896
INFO - Level 1 updated with delta: 0.016593346
DEBUG - Updated level with delta: 0.016593346
INFO - Level 1 updated with delta: 0.016723254
DEBUG - Updated level with delta: 0.016723254
INFO - Level 1 updated with delta: 0.016641236
DEBUG - Updated level with delta: 0.016641236
INFO - Level 1 updated with delta: 0.017361139
DEBUG - Updated level with delta: 0.017361139
INFO - Level 1 updated with delta: 0.017013733
DEBUG - Updated level with delta: 0.017013733
INFO - Level 1 updated with delta: 0.01606775
DEBUG - Updated level with delta: 0.01606775
INFO - Level 1 updated with delta: 0.016464277
DEBUG - Updated level with delta: 0.016464277
INFO - Level 1 updated with delta: 0.017362049
DEBUG - Updated level with delta: 0.017362049
INFO - Level 1 updated with delta: 0.016945523
DEBUG - Updated level with delta: 0.016945523
INFO - Level 1 updated with delta: 0.016621076
DEBUG - Updated level with delta: 0.016621076
INFO - Level 1 updated with delta: 0.016323168
DEBUG - Updated level with delta: 0.016323168
INFO - Level 1 updated with delta: 0.016345768
DEBUG - Updated level with delta: 0.016345768
INFO - Level 1 updated with delta: 0.016333089
DEBUG - Updated level with delta: 0.016333089
INFO - Level 1 updated with delta: 0.016647615
DEBUG - Updated level with delta: 0.016647615
INFO - Level 1 updated with delta: 0.016638205
DEBUG - Updated level with delta: 0.016638205
INFO - Level 1 updated with delta: 0.016689245
DEBUG - Updated level with delta: 0.016689245
INFO - Level 1 updated with delta: 0.016661826
DEBUG - Updated level with delta: 0.016661826
INFO - Level 1 updated with delta: 0.017836444
DEBUG - Updated level with delta: 0.017836444
INFO - Level 1 updated with delta: 0.01628788
DEBUG - Updated level with delta: 0.01628788
INFO - Level 1 updated with delta: 0.015920491
DEBUG - Updated level with delta: 0.015920491
INFO - Level 1 updated with delta: 0.016645806
DEBUG - Updated level with delta: 0.016645806
INFO - Level 1 updated with delta: 0.016700575
DEBUG - Updated level with delta: 0.016700575
INFO - Level 1 initialized
INFO - Loaded level 1
INFO - Restarted level 1
INFO - Level 1 updated with delta: 0.017626827
DEBUG - Updated level with delta: 0.017626827
INFO - Level 1 updated with delta: 0.048708607
DEBUG - Updated level with delta: 0.048708607
INFO - Level 1 updated with delta: 6.83454E-4
DEBUG - Updated level with delta: 6.83454E-4
INFO - Level 1 updated with delta: 0.014208367
DEBUG - Updated level with delta: 0.014208367
INFO - Level 1 updated with delta: 0.016202389
DEBUG - Updated level with delta: 0.016202389
INFO - Level 1 updated with delta: 0.016777154
DEBUG - Updated level with delta: 0.016777154
INFO - Level 1 updated with delta: 0.016565586
DEBUG - Updated level with delta: 0.016565586
INFO - Level 1 updated with delta: 0.016716505
DEBUG - Updated level with delta: 0.016716505
INFO - Level 1 updated with delta: 0.016691655
DEBUG - Updated level with delta: 0.016691655
INFO - Level 1 updated with delta: 0.016667386
DEBUG - Updated level with delta: 0.016667386
INFO - Level 1 updated with delta: 0.016602406
DEBUG - Updated level with delta: 0.016602406
INFO - Level 1 updated with delta: 0.017440298
DEBUG - Updated level with delta: 0.017440298
INFO - Level 1 updated with delta: 0.016221459
DEBUG - Updated level with delta: 0.016221459
INFO - Level 1 updated with delta: 0.016408088
DEBUG - Updated level with delta: 0.016408088
INFO - Level 1 updated with delta: 0.016763805
DEBUG - Updated level with delta: 0.016763805
INFO - Level 1 updated with delta: 0.016549756
DEBUG - Updated level with delta: 0.016549756
INFO - Level 1 updated with delta: 0.016668735
DEBUG - Updated level with delta: 0.016668735
INFO - Level 1 updated with delta: 0.016420737
DEBUG - Updated level with delta: 0.016420737
INFO - Level 1 updated with delta: 0.016933444
DEBUG - Updated level with delta: 0.016933444
INFO - Level 1 updated with delta: 0.016488007
DEBUG - Updated level with delta: 0.016488007
INFO - Level 1 updated with delta: 0.017035122
DEBUG - Updated level with delta: 0.017035122
INFO - Level 1 updated with delta: 0.016437356
DEBUG - Updated level with delta: 0.016437356
INFO - Level 1 updated with delta: 0.016823465
DEBUG - Updated level with delta: 0.016823465
INFO - Level 1 updated with delta: 0.016670855
DEBUG - Updated level with delta: 0.016670855
INFO - Level 1 updated with delta: 0.016591397
DEBUG - Updated level with delta: 0.016591397
INFO - Level 1 updated with delta: 0.016859602
DEBUG - Updated level with delta: 0.016859602
INFO - Level 1 updated with delta: 0.016718746
DEBUG - Updated level with delta: 0.016718746
INFO - Level 1 updated with delta: 0.016383998
DEBUG - Updated level with delta: 0.016383998
INFO - Level 1 updated with delta: 0.016844033
DEBUG - Updated level with delta: 0.016844033
INFO - Level 1 updated with delta: 0.016703576
DEBUG - Updated level with delta: 0.016703576
INFO - Level 1 updated with delta: 0.017007242
DEBUG - Updated level with delta: 0.017007242
INFO - Level 1 updated with delta: 0.016988703
DEBUG - Updated level with delta: 0.016988703
INFO - Level 1 updated with delta: 0.017008423
DEBUG - Updated level with delta: 0.017008423
INFO - Level 1 updated with delta: 0.016032201
DEBUG - Updated level with delta: 0.016032201
INFO - Level 1 updated with delta: 0.016961452
DEBUG - Updated level with delta: 0.016961452
INFO - Level 1 updated with delta: 0.016005792
DEBUG - Updated level with delta: 0.016005792
INFO - Level 1 updated with delta: 0.016000221
DEBUG - Updated level with delta: 0.016000221
INFO - Level 1 updated with delta: 0.016001482
DEBUG - Updated level with delta: 0.016001482
INFO - Level 1 updated with delta: 0.016995092
DEBUG - Updated level with delta: 0.016995092
INFO - Level 1 updated with delta: 0.016008601
DEBUG - Updated level with delta: 0.016008601
INFO - Level 1 updated with delta: 0.016001552
DEBUG - Updated level with delta: 0.016001552
INFO - Level 1 updated with delta: 0.016913843
DEBUG - Updated level with delta: 0.016913843
INFO - Level 1 updated with delta: 0.016079641
DEBUG - Updated level with delta: 0.016079641
INFO - Level 1 updated with delta: 0.01611244
DEBUG - Updated level with delta: 0.01611244
INFO - Level 1 updated with delta: 0.01617371
DEBUG - Updated level with delta: 0.01617371
INFO - Level 1 updated with delta: 0.016359638
DEBUG - Updated level with delta: 0.016359638
INFO - Level 1 updated with delta: 0.016592246
DEBUG - Updated level with delta: 0.016592246
INFO - Level 1 updated with delta: 0.016316599
DEBUG - Updated level with delta: 0.016316599
INFO - Level 1 updated with delta: 0.016831834
DEBUG - Updated level with delta: 0.016831834
INFO - Level 1 updated with delta: 0.016842404
DEBUG - Updated level with delta: 0.016842404
INFO - Level 1 updated with delta: 0.01609784
DEBUG - Updated level with delta: 0.01609784
INFO - Level 1 updated with delta: 0.01623027
DEBUG - Updated level with delta: 0.01623027
INFO - Level 1 updated with delta: 0.016502347
DEBUG - Updated level with delta: 0.016502347
INFO - Level 1 updated with delta: 0.015997391
DEBUG - Updated level with delta: 0.015997391
INFO - Level 1 updated with delta: 0.016001571
DEBUG - Updated level with delta: 0.016001571
INFO - Level 1 updated with delta: 0.016980343
DEBUG - Updated level with delta: 0.016980343
INFO - Level 1 updated with delta: 0.016317089
DEBUG - Updated level with delta: 0.016317089
INFO - Level 1 updated with delta: 0.016378968
DEBUG - Updated level with delta: 0.016378968
INFO - Level 1 updated with delta: 0.016369768
DEBUG - Updated level with delta: 0.016369768
INFO - Level 1 updated with delta: 0.017048852
DEBUG - Updated level with delta: 0.017048852
INFO - Level 1 updated with delta: 0.016982283
DEBUG - Updated level with delta: 0.016982283
INFO - Level 1 updated with delta: 0.016984713
DEBUG - Updated level with delta: 0.016984713
INFO - Level 1 updated with delta: 0.016318339
DEBUG - Updated level with delta: 0.016318339
INFO - Level 1 updated with delta: 0.016616925
DEBUG - Updated level with delta: 0.016616925
INFO - Level 1 updated with delta: 0.016454588
DEBUG - Updated level with delta: 0.016454588
INFO - Level 1 updated with delta: 0.016568936
DEBUG - Updated level with delta: 0.016568936
INFO - Level 1 updated with delta: 0.016673766
DEBUG - Updated level with delta: 0.016673766
INFO - Level 1 updated with delta: 0.016589166
DEBUG - Updated level with delta: 0.016589166
INFO - Level 1 updated with delta: 0.016818194
DEBUG - Updated level with delta: 0.016818194
INFO - Level 1 updated with delta: 0.016663276
DEBUG - Updated level with delta: 0.016663276
INFO - Level 1 updated with delta: 0.016628106
DEBUG - Updated level with delta: 0.016628106
INFO - Level 1 updated with delta: 0.016624015
DEBUG - Updated level with delta: 0.016624015
INFO - Level 1 updated with delta: 0.01620789
DEBUG - Updated level with delta: 0.01620789
INFO - Level 1 updated with delta: 0.01622023
DEBUG - Updated level with delta: 0.01622023
INFO - Level 1 updated with delta: 0.016685995
DEBUG - Updated level with delta: 0.016685995
INFO - Level 1 updated with delta: 0.016718525
DEBUG - Updated level with delta: 0.016718525
INFO - Level 1 updated with delta: 0.016587337
DEBUG - Updated level with delta: 0.016587337
INFO - Level 1 updated with delta: 0.016694355
DEBUG - Updated level with delta: 0.016694355
INFO - Level 1 updated with delta: 0.016630206
DEBUG - Updated level with delta: 0.016630206
INFO - Level 1 updated with delta: 0.016695465
DEBUG - Updated level with delta: 0.016695465
INFO - Level 1 updated with delta: 0.016729195
DEBUG - Updated level with delta: 0.016729195
INFO - Level 1 updated with delta: 0.016580546
DEBUG - Updated level with delta: 0.016580546
INFO - Level 1 updated with delta: 0.016667096
DEBUG - Updated level with delta: 0.016667096
INFO - Level 1 updated with delta: 0.016592516
DEBUG - Updated level with delta: 0.016592516
INFO - Level 1 updated with delta: 0.016207909
DEBUG - Updated level with delta: 0.016207909
INFO - Level 1 updated with delta: 0.01626065
DEBUG - Updated level with delta: 0.01626065
INFO - Level 1 updated with delta: 0.016751694
DEBUG - Updated level with delta: 0.016751694
INFO - Level 1 updated with delta: 0.016707715
DEBUG - Updated level with delta: 0.016707715
INFO - Level 1 updated with delta: 0.016678556
DEBUG - Updated level with delta: 0.016678556
INFO - Level 1 updated with delta: 0.016629256
DEBUG - Updated level with delta: 0.016629256
INFO - Level 1 updated with delta: 0.016721636
DEBUG - Updated level with delta: 0.016721636
INFO - Level 1 updated with delta: 0.016620216
DEBUG - Updated level with delta: 0.016620216
INFO - Level 1 updated with delta: 0.029758082
DEBUG - Updated level with delta: 0.029758082
